"node","lagoon","station","season","date_time","water_column_position","dissolved_organic_carbon_umol_L","total_dissolved_nitrogen_umol_L","chlorophyll_a_ug_L","conductivity_uS_cm","depth_m","DO_concentration_mg_L","DO_saturation_percent","phycoerythrin_ug_L","pH","salinity","specific_conductivity_uS_cm","temperature_C","notes.x","d18O","notes.y","collection_method","station_name","latitude","longitude","habitat_type","station_sampling_priority"
"Central","Simpson","KUR1","break up",2019-06-29,"surface",NA,NA,NA,NA,NA,NA,NA,NA,NA,NA,NA,NA,NA,-17.4,NA,NA,"Kuparuk River Station 1",70.3261,-148.9502,"river","river"
"Central","Simpson","KUR1","break up",2019-06-30,"surface",NA,NA,1.32,97.8,NA,12.12,101.7,3.58,8.28,0.07,146.3,7.7,NA,NA,NA,NA,"Kuparuk River Station 1",70.3261,-148.9502,"river","river"
"Central","Simpson","KUR1","open water",2019-08-05,"surface",402,19,NA,NA,NA,NA,NA,NA,NA,NA,NA,NA,NA,-17.3,NA,"pump","Kuparuk River Station 1",70.3261,-148.9502,"river","river"
"Central","Simpson","KUR1","open water",2019-08-06,"surface",NA,NA,0.51,138.7,NA,11.33,105.1,2.45,8.76,0.09,184.8,11.9,NA,NA,NA,NA,"Kuparuk River Station 1",70.3261,-148.9502,"river","river"
"Central","Simpson","KUR1","break up",2021-06-25,"surface",438,18,NA,NA,NA,NA,NA,NA,NA,NA,NA,NA,NA,-17,NA,"pump","Kuparuk River Station 1",70.3261,-148.9502,"river","river"
"Central","Simpson","KUR1","open water",2021-08-03,"surface",494,21,NA,NA,NA,NA,NA,NA,NA,NA,NA,NA,NA,-17,NA,"pump","Kuparuk River Station 1",70.3261,-148.9502,"river","river"
"Central","Simpson","KUR1","break up",2022-06-25,"surface",482,17,NA,NA,NA,NA,NA,NA,NA,NA,NA,NA,NA,-19.2,NA,"pump","Kuparuk River Station 1",70.3261,-148.9502,"river","river"
"Central","Simpson","KUR1","open water",2022-08-06,"surface",628,21,NA,NA,NA,NA,NA,NA,NA,NA,NA,NA,NA,-18.3,NA,"pump","Kuparuk River Station 1",70.3261,-148.9502,"river","river"
"Central","Simpson","SIL Trans A","under ice",2021-04-23,"bottom",188,22,NA,NA,NA,NA,NA,NA,NA,NA,NA,NA,NA,-4.5,NA,"pump","Simpson Transect A",70.530769,-149.761578,"lagoon","not applicable"
"Central","Simpson","SIL Trans A","under ice",2021-04-23,"surface",106,11,NA,NA,NA,NA,NA,NA,NA,NA,NA,NA,NA,-3.5,NA,"pump","Simpson Transect A",70.530769,-149.761578,"lagoon","not applicable"
"Central","Simpson","SIL Trans B","under ice",2021-04-23,"bottom",147,16,NA,NA,NA,NA,NA,NA,NA,NA,NA,NA,NA,-3.9,NA,"pump","Simpson Transect B",70.523085,-149.761289,"lagoon","not applicable"
"Central","Simpson","SIL Trans B","under ice",2021-04-23,"surface",118,13,NA,NA,NA,NA,NA,NA,NA,NA,NA,NA,NA,-3.7,NA,"pump","Simpson Transect B",70.523085,-149.761289,"lagoon","not applicable"
"Central","Simpson","SILD1","open water",2018-07-26,"bottom",303,11,10.54,9281,2.5,10.56,98,17.52,7.84,7.55,12999,9.9,NA,NA,NA,"pump","Simpson Lagoon Deep Station 1",70.53706667,-149.77535,"lagoon","primary"
"Central","Simpson","SILD1","open water",2018-07-26,"surface",339,14,2.88,3546,0.5,10.83,101.2,6.9,8.11,2.57,4767,11.6,NA,NA,NA,"pump","Simpson Lagoon Deep Station 1",70.53706667,-149.77535,"lagoon","primary"
"Central","Simpson","SILD1","open water",2018-07-29,"bottom",NA,NA,2.58,25266,2.3,11.23,95.6,8.27,7.69,29.57,47546,0.6,NA,NA,NA,NA,"Simpson Lagoon Deep Station 1",70.53706667,-149.77535,"lagoon","primary"
"Central","Simpson","SILD1","open water",2018-07-29,"surface",NA,NA,2.7,17599,0,11.51,103.1,7.25,7.83,16.91,27733,5.9,NA,NA,NA,NA,"Simpson Lagoon Deep Station 1",70.53706667,-149.77535,"lagoon","primary"
"Central","Simpson","SILD1","under ice",2019-04-21,"bottom",156,18,0.3,30464,1.94,9.21,78.4,4.56,7.27,39.89,63599,-2.3,NA,-4.2,NA,"pump","Simpson Lagoon Deep Station 1",70.53706667,-149.77535,"lagoon","primary"
"Central","Simpson","SILD1","under ice",2019-04-21,"surface",182,19,0.3,29718,1.5,9.57,80.8,4.17,7.29,38.69,61877,-2.2,NA,-4.1,NA,"pump","Simpson Lagoon Deep Station 1",70.53706667,-149.77535,"lagoon","primary"
"Central","Simpson","SILD1","under ice",2019-04-21,"surface",182,19,0.3,29718,1.5,9.57,80.8,4.17,7.29,38.69,61877,-2.2,NA,-4,NA,"pump","Simpson Lagoon Deep Station 1",70.53706667,-149.77535,"lagoon","primary"
"Central","Simpson","SILD1","break up",2019-06-30,"bottom",229,12,NA,NA,NA,NA,NA,NA,NA,NA,NA,NA,NA,-4.1,NA,"pump","Simpson Lagoon Deep Station 1",70.53706667,-149.77535,"lagoon","primary"
"Central","Simpson","SILD1","break up",2019-06-30,"surface",238,11,NA,NA,NA,NA,NA,NA,NA,NA,NA,NA,NA,-10.9,NA,"pump","Simpson Lagoon Deep Station 1",70.53706667,-149.77535,"lagoon","primary"
"Central","Simpson","SILD1","break up",2019-07-01,"bottom",NA,NA,0.6,23100,2.35,12.08,99.3,4.49,7.72,27.55,45361,-0.4,NA,NA,NA,NA,"Simpson Lagoon Deep Station 1",70.53706667,-149.77535,"lagoon","primary"
"Central","Simpson","SILD1","break up",2019-07-01,"surface",NA,NA,2.8,7237,0.5,13.11,103.5,8.96,7.79,6.92,12261,3.5,NA,NA,NA,NA,"Simpson Lagoon Deep Station 1",70.53706667,-149.77535,"lagoon","primary"
"Central","Simpson","SILD1","open water",2019-08-05,"bottom",141,7,2.3,25741,2,10.25,99,6.6,7.93,24.82,39417,6.8,NA,-5.9,NA,"pump","Simpson Lagoon Deep Station 1",70.53706667,-149.77535,"lagoon","primary"
"Central","Simpson","SILD1","open water",2019-08-05,"surface",147,7,0.72,23951,0.25,10.46,104.4,3.2,7.94,21.41,34278,9.2,NA,-7.4,NA,"pump","Simpson Lagoon Deep Station 1",70.53706667,-149.77535,"lagoon","primary"
"Central","Simpson","SILD1","under ice",2021-04-23,"bottom",188,20,NA,NA,NA,NA,NA,NA,NA,NA,NA,NA,NA,-4.6,NA,"pump","Simpson Lagoon Deep Station 1",70.53706667,-149.77535,"lagoon","primary"
"Central","Simpson","SILD1","under ice",2021-04-23,"surface",102,11,NA,NA,NA,NA,NA,NA,NA,NA,NA,NA,NA,-3.2,NA,"pump","Simpson Lagoon Deep Station 1",70.53706667,-149.77535,"lagoon","primary"
"Central","Simpson","SILD1","open water",2021-08-06,"bottom",126,7,NA,NA,NA,NA,NA,NA,NA,NA,NA,NA,NA,NA,NA,"pump","Simpson Lagoon Deep Station 1",70.53706667,-149.77535,"lagoon","primary"
"Central","Simpson","SILD1","open water",2021-08-06,"surface",122,8,NA,NA,NA,NA,NA,NA,NA,NA,NA,NA,NA,-3.7,NA,"pump","Simpson Lagoon Deep Station 1",70.53706667,-149.77535,"lagoon","primary"
"Central","Simpson","SILD1","under ice",2022-04-18,"bottom",144,14,NA,NA,NA,NA,NA,NA,NA,NA,NA,NA,NA,-4.8,NA,"pump","Simpson Lagoon Deep Station 1",70.53706667,-149.77535,"lagoon","primary"
"Central","Simpson","SILD1","under ice",2022-04-18,"surface",148,15,NA,NA,NA,NA,NA,NA,NA,NA,NA,NA,NA,-4.7,NA,"pump","Simpson Lagoon Deep Station 1",70.53706667,-149.77535,"lagoon","primary"
"Central","Simpson","SILD1","open water",2022-08-04,"bottom",145,7,NA,NA,NA,NA,NA,NA,NA,NA,NA,NA,NA,-5,NA,"pump","Simpson Lagoon Deep Station 1",70.53706667,-149.77535,"lagoon","primary"
"Central","Simpson","SILD1","open water",2022-08-04,"surface",411,16,NA,NA,NA,NA,NA,NA,NA,NA,NA,NA,NA,-11.1,NA,"pump","Simpson Lagoon Deep Station 1",70.53706667,-149.77535,"lagoon","primary"
"Central","Simpson","SILD2","open water",2018-07-29,"bottom",NA,NA,5.76,5295,1.7,11.3,100.1,10.96,7.91,4.23,7670,8.8,NA,NA,NA,NA,"Simpson Lagoon Deep Station 2",70.53988333,-149.4765833,"lagoon","secondary"
"Central","Simpson","SILD2","open water",2018-07-29,"surface",NA,NA,6.07,5065,0,11.29,100,11.94,7.93,4.01,7316,8.9,NA,NA,NA,NA,"Simpson Lagoon Deep Station 2",70.53988333,-149.4765833,"lagoon","secondary"
"Central","Simpson","SILD2","open water",2019-08-05,"bottom",97,5,1.25,26925,1.59,10.48,101.6,4.2,7.93,26.26,41519,6.6,NA,-5.5,NA,"pump","Simpson Lagoon Deep Station 2",70.53988333,-149.4765833,"lagoon","secondary"
"Central","Simpson","SILD2","open water",2019-08-05,"surface",138,7,0.92,26431,0.25,10.44,102.3,4.31,7.92,25.17,39870,7.4,NA,-5.5,NA,"pump","Simpson Lagoon Deep Station 2",70.53988333,-149.4765833,"lagoon","secondary"
"Central","Simpson","SILD2","open water",2021-08-07,"bottom",124,8,NA,NA,NA,NA,NA,NA,NA,NA,NA,NA,NA,NA,NA,"pump","Simpson Lagoon Deep Station 2",70.53988333,-149.4765833,"lagoon","secondary"
"Central","Simpson","SILD2","open water",2021-08-07,"surface",140,8,NA,NA,NA,NA,NA,NA,NA,NA,NA,NA,NA,-4.1,NA,"pump","Simpson Lagoon Deep Station 2",70.53988333,-149.4765833,"lagoon","secondary"
"Central","Simpson","SILS1","break up",2019-06-29,"surface",245,12,1.67,2252,0.3,13.99,102.3,7.76,7.97,2.09,4037,1.9,NA,-10.5,NA,"pump","Simpson Lagoon Shallow Station 1",70.50396,-149.70968,"lagoon","primary"
"Central","Simpson","SILS1","open water",2019-08-05,"surface",117,6,1.58,21244,0.34,10.82,103.2,4.69,7.93,18.55,29850,9,NA,-10.3,NA,"pump","Simpson Lagoon Shallow Station 1",70.50396,-149.70968,"lagoon","primary"
"Central","Simpson","SILS1","break up",2021-06-23,"surface",NA,NA,NA,NA,NA,NA,NA,NA,NA,NA,NA,NA,NA,-8.8,NA,NA,"Simpson Lagoon Shallow Station 1",70.50396,-149.70968,"lagoon","primary"
"Central","Simpson","SILS1","break up",2021-06-25,"surface",293,14,NA,NA,NA,NA,NA,NA,NA,NA,NA,NA,NA,NA,NA,"pump","Simpson Lagoon Shallow Station 1",70.50396,-149.70968,"lagoon","primary"
"Central","Simpson","SILS1","open water",2021-08-06,"surface",248,12,NA,NA,NA,NA,NA,NA,NA,NA,NA,NA,NA,-6.2,NA,"pump","Simpson Lagoon Shallow Station 1",70.50396,-149.70968,"lagoon","primary"
"Central","Simpson","SILS1","break up",2022-06-26,"surface",340,13,NA,NA,NA,NA,NA,NA,NA,NA,NA,NA,NA,-9.8,NA,"pump","Simpson Lagoon Shallow Station 1",70.50396,-149.70968,"lagoon","primary"
"Central","Simpson","SILS1","open water",2022-08-04,"surface",287,13,NA,NA,NA,NA,NA,NA,NA,NA,NA,NA,NA,-9.5,NA,"pump","Simpson Lagoon Shallow Station 1",70.50396,-149.70968,"lagoon","primary"
"Central","Simpson","SILS2","open water",2019-08-05,"surface",192,9,2.23,25223,0.33,10.11,101.4,4.76,7.93,22.79,36284,9,NA,-6.3,NA,"pump","Simpson Lagoon Shallow Station 2",70.4952,-149.42349,"lagoon","secondary"
"Central","Simpson","SILS2","open water",2021-08-07,"surface",293,13,NA,NA,NA,NA,NA,NA,NA,NA,NA,NA,NA,NA,NA,"pump","Simpson Lagoon Shallow Station 2",70.4952,-149.42349,"lagoon","secondary"
"Central","Stefansson","ATR1","open water",2021-08-09,"surface",67,11,NA,NA,NA,NA,NA,NA,NA,NA,NA,NA,NA,NA,NA,"pump","Atigun River Pump Station 2",69.454917,-148.542318,"river","river"
"Central","Stefansson","ATR1","open water",2022-08-06,"surface",109,7,NA,NA,NA,NA,NA,NA,NA,NA,NA,NA,NA,-20.8,NA,"pump","Atigun River Pump Station 2",69.454917,-148.542318,"river","river"
"Central","Stefansson","PUR1","break up",2022-06-25,"surface",555,26,NA,NA,NA,NA,NA,NA,NA,NA,NA,NA,NA,-15.8,NA,"pump","Putuligayuk River Station 1",70.26707,-148.63162,"river","river"
"Central","Stefansson","PUR1","open water",2022-08-06,"surface",619,29,NA,NA,NA,NA,NA,NA,NA,NA,NA,NA,NA,-15.4,NA,"pump","Putuligayuk River Station 1",70.26707,-148.63162,"river","river"
"Central","Stefansson","SAR1","break up",2019-06-27,"surface",121,8,0.17,261,NA,11.62,105,2.81,8.33,0.17,358,10.8,NA,-20.5,NA,"pump","Sagavanirktok River Station 1",70.2493,-148.3069,"river","river"
"Central","Stefansson","SAR1","open water",2019-08-03,"surface",287,12,NA,NA,NA,NA,NA,NA,NA,NA,NA,NA,NA,-20,NA,"pump","Sagavanirktok River Station 1",70.2493,-148.3069,"river","river"
"Central","Stefansson","SAR1","open water",2019-08-04,"surface",NA,NA,-0.1,324.9,NA,10.84,101.1,2.59,8.55,0.21,430.4,12.2,NA,NA,NA,NA,"Sagavanirktok River Station 1",70.2493,-148.3069,"river","river"
"Central","Stefansson","SAR1","break up",2021-06-22,"surface",67,11,NA,NA,NA,NA,NA,NA,NA,NA,NA,NA,NA,-21.4,NA,"pump","Sagavanirktok River Station 1",70.2493,-148.3069,"river","river"
"Central","Stefansson","SAR1","open water",2021-08-03,"surface",93,11,NA,NA,NA,NA,NA,NA,NA,NA,NA,NA,NA,-20.1,NA,"pump","Sagavanirktok River Station 1",70.2493,-148.3069,"river","river"
"Central","Stefansson","SAR1","open water",2021-08-09,"surface",63,9,NA,NA,NA,NA,NA,NA,NA,NA,NA,NA,NA,NA,NA,"pump","Sagavanirktok River Station 1",70.2493,-148.3069,"river","river"
"Central","Stefansson","SAR1","break up",2022-06-24,"surface",92,10,NA,NA,NA,NA,NA,NA,NA,NA,NA,NA,NA,-21.7,NA,"pump","Sagavanirktok River Station 1",70.2493,-148.3069,"river","river"
"Central","Stefansson","SAR1","open water",2022-08-06,"surface",127,9,NA,NA,NA,NA,NA,NA,NA,NA,NA,NA,NA,-20.5,NA,"pump","Sagavanirktok River Station 1",70.2493,-148.3069,"river","river"
"Central","Stefansson","SAR2","open water",2021-08-09,"surface",58,8,NA,NA,NA,NA,NA,NA,NA,NA,NA,NA,NA,NA,NA,"pump","Sagavanirktok River Station 2",70.00339,-148.663541,"river","river"
"Central","Stefansson","SSL Trans A","under ice",2021-04-24,"bottom",301,13,NA,NA,NA,NA,NA,NA,NA,NA,NA,NA,NA,-3.4,NA,"pump","Stefansson Transect A",70.36406,-148.003602,"lagoon","not applicable"
"Central","Stefansson","SSL Trans A","under ice",2021-04-24,"surface",277,13,NA,NA,NA,NA,NA,NA,NA,NA,NA,NA,NA,-3.3,NA,"pump","Stefansson Transect A",70.36406,-148.003602,"lagoon","not applicable"
"Central","Stefansson","SSL Trans B","under ice",2021-04-24,"bottom",101,11,NA,NA,NA,NA,NA,NA,NA,NA,NA,NA,NA,-3.5,NA,"pump","Stefansson Transect B",70.358175,-147.986612,"lagoon","not applicable"
"Central","Stefansson","SSL Trans B","under ice",2021-04-24,"surface",171,13,NA,NA,NA,NA,NA,NA,NA,NA,NA,NA,NA,-3.5,NA,"pump","Stefansson Transect B",70.358175,-147.986612,"lagoon","not applicable"
"Central","Stefansson","SSLD1","open water",2018-07-30,"bottom",NA,NA,3.85,22999,4.5,10.76,90,10.82,7.66,27.37,43557,0.6,NA,NA,NA,NA,"Stefansson Sound Deep Station 1",70.37226667,-148.0239333,"lagoon","primary"
"Central","Stefansson","SSLD1","open water",2018-07-30,"surface",NA,NA,0.48,5414,0,11.8,106.5,2.75,8.17,4.19,9200,8,NA,NA,NA,NA,"Stefansson Sound Deep Station 1",70.37226667,-148.0239333,"lagoon","primary"
"Central","Stefansson","SSLD1","open water",2018-08-01,"bottom",NA,NA,7.33,23729,4.8,10.82,91.4,19.3,7.69,27.9,44979,0.3,NA,NA,NA,NA,"Stefansson Sound Deep Station 1",70.37226667,-148.0239333,"lagoon","primary"
"Central","Stefansson","SSLD1","open water",2018-08-01,"surface",NA,NA,1.31,9944,0,11.4,106.6,5,8.13,8.06,13859,10.1,NA,NA,NA,NA,"Stefansson Sound Deep Station 1",70.37226667,-148.0239333,"lagoon","primary"
"Central","Stefansson","SSLD1","under ice",2019-04-20,"bottom",111,12,0.34,25992,3.91,11.42,94.2,3.75,7.56,32.58,52685,-1.5,NA,-2.9,NA,"pump","Stefansson Sound Deep Station 1",70.37226667,-148.0239333,"lagoon","primary"
"Central","Stefansson","SSLD1","under ice",2019-04-20,"surface",68,9,0.77,1906,1.8,14.23,97.9,4.79,7.94,1.89,3684,-0.2,NA,-21,NA,"pump","Stefansson Sound Deep Station 1",70.37226667,-148.0239333,"lagoon","primary"
"Central","Stefansson","SSLD1","break up",2019-06-27,"bottom",NA,NA,0.58,1456,4.3,13.44,99.5,6.2,8,1.3,2552,2.6,NA,NA,NA,NA,"Stefansson Sound Deep Station 1",70.37226667,-148.0239333,"lagoon","primary"
"Central","Stefansson","SSLD1","break up",2019-06-27,"surface",NA,NA,0.8,26185,0.3,10.45,87.6,6.82,7.37,32.24,51973,-0.9,NA,NA,NA,NA,"Stefansson Sound Deep Station 1",70.37226667,-148.0239333,"lagoon","primary"
"Central","Stefansson","SSLD1","open water",2019-08-03,"bottom",NA,NA,2.06,27366,0.28,11.42,105,7.91,7.97,29.28,46338,3.6,NA,NA,NA,NA,"Stefansson Sound Deep Station 1",70.37226667,-148.0239333,"lagoon","primary"
"Central","Stefansson","SSLD1","open water",2019-08-03,"surface",152,7,1.12,27988,3.8,10.87,103.5,4.88,7.94,28.59,45063,5.2,NA,-4.4,NA,"pump","Stefansson Sound Deep Station 1",70.37226667,-148.0239333,"lagoon","primary"
"Central","Stefansson","SSLD1","under ice",2021-04-21,"bottom",100,11,NA,NA,NA,NA,NA,NA,NA,NA,NA,NA,NA,-3.5,NA,"pump","Stefansson Sound Deep Station 1",70.37226667,-148.0239333,"lagoon","primary"
"Central","Stefansson","SSLD1","under ice",2021-04-21,"surface",157,13,NA,NA,NA,NA,NA,NA,NA,NA,NA,NA,NA,-3.4,NA,"pump","Stefansson Sound Deep Station 1",70.37226667,-148.0239333,"lagoon","primary"
"Central","Stefansson","SSLD1","under ice",2021-04-24,"bottom",94,9,NA,NA,NA,NA,NA,NA,NA,NA,NA,NA,NA,-3.5,NA,"pump","Stefansson Sound Deep Station 1",70.37226667,-148.0239333,"lagoon","primary"
"Central","Stefansson","SSLD1","under ice",2021-04-24,"surface",103,10,NA,NA,NA,NA,NA,NA,NA,NA,NA,NA,NA,-3.3,NA,"pump","Stefansson Sound Deep Station 1",70.37226667,-148.0239333,"lagoon","primary"
"Central","Stefansson","SSLD1","open water",2021-08-04,"bottom",113,8,NA,NA,NA,NA,NA,NA,NA,NA,NA,NA,NA,-3.7,NA,"pump","Stefansson Sound Deep Station 1",70.37226667,-148.0239333,"lagoon","primary"
"Central","Stefansson","SSLD1","open water",2021-08-04,"surface",132,8,NA,NA,NA,NA,NA,NA,NA,NA,NA,NA,NA,-4.3,NA,"pump","Stefansson Sound Deep Station 1",70.37226667,-148.0239333,"lagoon","primary"
"Central","Stefansson","SSLD1","under ice",2022-04-16,"bottom",226,22,NA,NA,NA,NA,NA,NA,NA,NA,NA,NA,NA,-5.1,NA,"pump","Stefansson Sound Deep Station 1",70.37226667,-148.0239333,"lagoon","primary"
"Central","Stefansson","SSLD1","under ice",2022-04-16,"surface",97,9,NA,NA,NA,NA,NA,NA,NA,NA,NA,NA,NA,-3.8,NA,"pump","Stefansson Sound Deep Station 1",70.37226667,-148.0239333,"lagoon","primary"
"Central","Stefansson","SSLD1","open water",2022-08-03,"bottom",96,5,NA,NA,NA,NA,NA,NA,NA,NA,NA,NA,NA,-5.4,NA,"pump","Stefansson Sound Deep Station 1",70.37226667,-148.0239333,"lagoon","primary"
"Central","Stefansson","SSLD1","open water",2022-08-03,"surface",174,7,NA,NA,NA,NA,NA,NA,NA,NA,NA,NA,NA,-11.1,NA,"pump","Stefansson Sound Deep Station 1",70.37226667,-148.0239333,"lagoon","primary"
"Central","Stefansson","SSLD1_Aux_2019","break up",2019-06-27,"bottom",123,13,NA,NA,NA,NA,NA,NA,NA,NA,NA,NA,NA,-3.6,NA,"pump","Stefansson Sound Deep auxiliary sampling station 2019",70.32078,-147.73377,"lagoon","not applicable"
"Central","Stefansson","SSLD1_Aux_2019","break up",2019-06-27,"surface",125,8,NA,NA,NA,NA,NA,NA,NA,NA,NA,NA,NA,-16.8,NA,"pump","Stefansson Sound Deep auxiliary sampling station 2019",70.32078,-147.73377,"lagoon","not applicable"
"Central","Stefansson","SSLD1_Aux_2021","break up",2021-06-23,"bottom",261,14,NA,NA,NA,NA,NA,NA,NA,NA,NA,NA,NA,-15,NA,"pump","Stefansson Sound Deep auxiliary sampling station 2021",70.36744,-148.04017,"lagoon","not applicable"
"Central","Stefansson","SSLD1_Aux_2021","break up",2021-06-23,"surface",141,9,NA,NA,NA,NA,NA,NA,NA,NA,NA,NA,NA,-18.9,NA,"pump","Stefansson Sound Deep auxiliary sampling station 2021",70.36744,-148.04017,"lagoon","not applicable"
"Central","Stefansson","SSLD2","open water",2018-07-30,"bottom",NA,NA,3,18930,2.8,11.31,96.6,8.95,7.79,19.95,32330,3.2,NA,NA,NA,NA,"Stefansson Sound Deep Station 2",70.32078333,-147.75615,"lagoon","secondary"
"Central","Stefansson","SSLD2","open water",2018-07-30,"surface",NA,NA,1.3,9280,0,11.46,101.4,4.2,8.08,7.94,13766,8,NA,NA,NA,NA,"Stefansson Sound Deep Station 2",70.32078333,-147.75615,"lagoon","secondary"
"Central","Stefansson","SSLD2","open water",2018-07-31,"bottom",NA,NA,11.59,22480,3.8,11.21,98.4,30.68,7.66,25.1,40738,1.4,NA,NA,NA,NA,"Stefansson Sound Deep Station 2",70.32078333,-147.75615,"lagoon","secondary"
"Central","Stefansson","SSLD2","open water",2018-07-31,"surface",NA,NA,2.05,8688,0,10.91,105.9,6.21,8.04,6.59,11458,12.2,NA,NA,NA,NA,"Stefansson Sound Deep Station 2",70.32078333,-147.75615,"lagoon","secondary"
"Central","Stefansson","SSLD2","under ice",2019-04-19,"bottom",123,12,0.5,25610,4.07,11.83,96.5,4.35,7.62,32.42,52600,-1.9,NA,-2.8,NA,"pump","Stefansson Sound Deep Station 2",70.32078333,-147.75615,"lagoon","secondary"
"Central","Stefansson","SSLD2","under ice",2019-04-19,"surface",85,10,0.47,25600,1.76,11.89,97,4.5,7.63,32.46,52666,-1.9,NA,-2.7,NA,"pump","Stefansson Sound Deep Station 2",70.32078333,-147.75615,"lagoon","secondary"
"Central","Stefansson","SSLD2","open water",2019-08-03,"bottom",125,8,1.8,28643,4.1,10.81,102.3,6.76,7.87,30.01,47184,4.6,NA,-5.7,NA,"pump","Stefansson Sound Deep Station 2",70.32078333,-147.75615,"lagoon","secondary"
"Central","Stefansson","SSLD2","open water",2019-08-03,"surface",419,14,0.95,26752,0.6,10.55,102.5,5.35,7.9,25.91,41013,6.1,NA,-5.4,NA,"pump","Stefansson Sound Deep Station 2",70.32078333,-147.75615,"lagoon","secondary"
"Central","Stefansson","SSLD2","break up",2021-06-24,"bottom",149,10,NA,NA,NA,NA,NA,NA,NA,NA,NA,NA,NA,NA,NA,"pump","Stefansson Sound Deep Station 2",70.32078333,-147.75615,"lagoon","secondary"
"Central","Stefansson","SSLD2","break up",2021-06-24,"surface",128,8,NA,NA,NA,NA,NA,NA,NA,NA,NA,NA,NA,NA,NA,"pump","Stefansson Sound Deep Station 2",70.32078333,-147.75615,"lagoon","secondary"
"Central","Stefansson","SSLD2","break up",2021-06-26,"bottom",NA,NA,NA,NA,NA,NA,NA,NA,NA,NA,NA,NA,NA,-16.6,NA,NA,"Stefansson Sound Deep Station 2",70.32078333,-147.75615,"lagoon","secondary"
"Central","Stefansson","SSLD2","open water",2021-08-05,"bottom",100,8,NA,NA,NA,NA,NA,NA,NA,NA,NA,NA,NA,-3.9,NA,"pump","Stefansson Sound Deep Station 2",70.32078333,-147.75615,"lagoon","secondary"
"Central","Stefansson","SSLD2","open water",2021-08-05,"surface",150,8,NA,NA,NA,NA,NA,NA,NA,NA,NA,NA,NA,-4.1,NA,"pump","Stefansson Sound Deep Station 2",70.32078333,-147.75615,"lagoon","secondary"
"Central","Stefansson","SSLD2","open water",2022-08-02,"bottom",94,5,NA,NA,NA,NA,NA,NA,NA,NA,NA,NA,NA,-5.3,NA,"pump","Stefansson Sound Deep Station 2",70.32078333,-147.75615,"lagoon","secondary"
"Central","Stefansson","SSLD2","open water",2022-08-02,"surface",576,19,NA,NA,NA,NA,NA,NA,NA,NA,NA,NA,NA,-16.3,NA,"pump","Stefansson Sound Deep Station 2",70.32078333,-147.75615,"lagoon","secondary"
"Central","Stefansson","SSLD2_Aux_2022","break up",2022-06-27,"bottom",293,11,NA,NA,NA,NA,NA,NA,NA,NA,NA,NA,NA,-18.8,NA,"pump","Stefansson Sound Deep auxiliary sampling station 2022",70.29559,-147.75026,"lagoon","not applicable"
"Central","Stefansson","SSLD2_Aux_2022","break up",2022-06-27,"surface",118,8,NA,NA,NA,NA,NA,NA,NA,NA,NA,NA,NA,-19.2,NA,"pump","Stefansson Sound Deep auxiliary sampling station 2022",70.29559,-147.75026,"lagoon","not applicable"
"Central","Stefansson","SSLS1","break up",2019-06-27,"surface",76,7,0.53,265.6,0.3,11.53,102.7,4.33,8.32,0.18,370,10.2,NA,-20.3,NA,"pump","Stefansson Sound Shallow Station 1",70.33994,-147.97884,"lagoon","primary"
"Central","Stefansson","SSLS1","open water",2019-08-03,"surface",99,7,4.41,27968,0.79,10.07,98.4,14.22,7.71,28.02,42851,6.8,NA,-11.8,NA,"pump","Stefansson Sound Shallow Station 1",70.33994,-147.97884,"lagoon","primary"
"Central","Stefansson","SSLS1","break up",2021-06-22,"surface",225,11,NA,NA,NA,NA,NA,NA,NA,NA,NA,NA,NA,-21,NA,"pump","Stefansson Sound Shallow Station 1",70.33994,-147.97884,"lagoon","primary"
"Central","Stefansson","SSLS1","open water",2021-08-04,"surface",184,11,NA,NA,NA,NA,NA,NA,NA,NA,NA,NA,NA,-9.4,NA,"pump","Stefansson Sound Shallow Station 1",70.33994,-147.97884,"lagoon","primary"
"Central","Stefansson","SSLS1","break up",2022-06-24,"surface",114,6,NA,NA,NA,NA,NA,NA,NA,NA,NA,NA,NA,-20.7,NA,"pump","Stefansson Sound Shallow Station 1",70.33994,-147.97884,"lagoon","primary"
"Central","Stefansson","SSLS1","open water",2022-08-03,"surface",234,12,NA,NA,NA,NA,NA,NA,NA,NA,NA,NA,NA,-19.7,NA,"pump","Stefansson Sound Shallow Station 1",70.33994,-147.97884,"lagoon","primary"
"Central","Stefansson","SSLS2","break up",2019-06-28,"surface",NA,NA,0.22,689,0.3,12.68,91.4,4.86,8.14,0.61,1246,1.7,NA,NA,NA,NA,"Stefansson Sound Shallow Station 2",70.29324,-147.80153,"lagoon","secondary"
"Central","Stefansson","SSLS2","open water",2019-08-03,"surface",114,6,7.74,26365,0.79,10.29,103.1,19.89,7.8,24.14,38445,8.6,NA,-7.3,NA,"pump","Stefansson Sound Shallow Station 2",70.29324,-147.80153,"lagoon","secondary"
"Central","Stefansson","SSLS2","break up",2021-06-26,"surface",130,8,NA,NA,NA,NA,NA,NA,NA,NA,NA,NA,NA,-17.3,NA,"pump","Stefansson Sound Shallow Station 2",70.29324,-147.80153,"lagoon","secondary"
"Central","Stefansson","SSLS2","open water",2021-08-05,"surface",197,11,NA,NA,NA,NA,NA,NA,NA,NA,NA,NA,NA,-13.7,NA,"pump","Stefansson Sound Shallow Station 2",70.29324,-147.80153,"lagoon","secondary"
"Central","Stefansson","SSLS2","break up",2022-06-24,"surface",160,10,NA,NA,NA,NA,NA,NA,NA,NA,NA,NA,NA,-20.7,NA,"pump","Stefansson Sound Shallow Station 2",70.29324,-147.80153,"lagoon","secondary"
"Central","Stefansson","SSLS2","open water",2022-08-02,"surface",392,16,NA,NA,NA,NA,NA,NA,NA,NA,NA,NA,NA,-19.1,NA,"pump","Stefansson Sound Shallow Station 2",70.29324,-147.80153,"lagoon","secondary"
"Central","Stefansson","SSLS2_Aux_2019","break up",2019-06-28,"surface",102,6,NA,NA,NA,NA,NA,NA,NA,NA,NA,NA,NA,-18.2,NA,"pump","Stefansson Sound Shallow auxiliary sampling station 2019",70.30561,-147.84113,"lagoon","not applicable"
"East","Jago","JALD1","open water",2018-08-02,"bottom",281,11,4.75,11310,2.818,11.96,97.9,11.88,7.86,11.1,18984,3.8,NA,NA,NA,"pump","Jago Lagoon Deep Station 1",70.1040667,-143.48925,"lagoon","secondary"
"East","Jago","JALD1","open water",2018-08-02,"surface",179,8,2.48,6414,0.016,11.37,99.5,6.03,7.92,5.32,9482,8.1,NA,NA,NA,"pump","Jago Lagoon Deep Station 1",70.1040667,-143.48925,"lagoon","secondary"
"East","Jago","JALD1","open water",2019-08-08,"bottom",116,6,NA,NA,NA,NA,NA,NA,NA,NA,NA,NA,NA,-5.8,NA,"pump","Jago Lagoon Deep Station 1",70.1040667,-143.48925,"lagoon","secondary"
"East","Jago","JALD1","open water",2019-08-08,"surface",137,7,NA,NA,NA,NA,NA,NA,NA,NA,NA,NA,NA,-6.4,NA,"pump","Jago Lagoon Deep Station 1",70.1040667,-143.48925,"lagoon","secondary"
"East","Jago","JALD1","open water",2019-08-09,"bottom",NA,NA,3.16,26649,2.9,9.99,98.3,8.13,7.43,25.32,40076,7.5,NA,NA,NA,NA,"Jago Lagoon Deep Station 1",70.1040667,-143.48925,"lagoon","secondary"
"East","Jago","JALD1","open water",2019-08-09,"surface",NA,NA,3.1,25376,0.1,10.26,99.1,7.82,7.46,24.28,38610,7.1,NA,NA,NA,NA,"Jago Lagoon Deep Station 1",70.1040667,-143.48925,"lagoon","secondary"
"East","Jago","JALD1","under ice",2022-04-24,"bottom",109,9,NA,NA,NA,NA,NA,NA,NA,NA,NA,NA,NA,-4.4,NA,"pump","Jago Lagoon Deep Station 1",70.1040667,-143.48925,"lagoon","secondary"
"East","Jago","JALD1","under ice",2022-04-24,"surface",98,7,NA,NA,NA,NA,NA,NA,NA,NA,NA,NA,NA,-4,NA,"pump","Jago Lagoon Deep Station 1",70.1040667,-143.48925,"lagoon","secondary"
"East","Jago","JALD2","open water",2018-08-01,"bottom",425,21,7.19,24802,2.964,8.93,82.4,17.87,7.32,25.28,40339,4.8,NA,NA,NA,"pump","Jago Lagoon Deep Station 2",70.1068333,-143.4434667,"lagoon","primary"
"East","Jago","JALD2","open water",2018-08-01,"surface",348,12,3.99,5303,0.022,11.24,100.1,8.06,7.85,4.22,7615,9.1,NA,NA,NA,"pump","Jago Lagoon Deep Station 2",70.1068333,-143.4434667,"lagoon","primary"
"East","Jago","JALD2","under ice",2019-04-27,"bottom",149,35,0.32,30329,2.42,4.86,41.8,4.18,7.16,38.81,61800,-1.7,NA,-3.4,"Samples frozen. Vials were taped shut with no headspace at the time they froze (and leaked a bit) and were kept frozen until thawed for analysis.","pump","Jago Lagoon Deep Station 2",70.1068333,-143.4434667,"lagoon","primary"
"East","Jago","JALD2","under ice",2019-04-27,"surface",121,12,0.19,26862,1.53,11.4,94.5,4.11,7.62,33.99,54809,-1.7,NA,-2.3,"Samples frozen. Vials were taped shut with no headspace at the time they froze (and leaked a bit) and were kept frozen until thawed for analysis.","pump","Jago Lagoon Deep Station 2",70.1068333,-143.4434667,"lagoon","primary"
"East","Jago","JALD2","break up",2019-06-21,"bottom",143,30,2.25,28559,3.2,8.44,74.5,6.57,7.06,33.35,52870,0.9,NA,-3.9,NA,"pump","Jago Lagoon Deep Station 2",70.1068333,-143.4434667,"lagoon","primary"
"East","Jago","JALD2","break up",2019-06-21,"surface",185,7,1.45,5895,0.3,12.99,108.1,5.42,7.51,5.16,9241,6,NA,-12.8,NA,"pump","Jago Lagoon Deep Station 2",70.1068333,-143.4434667,"lagoon","primary"
"East","Jago","JALD2","open water",2019-08-08,"bottom",81,6,NA,NA,NA,NA,NA,NA,NA,NA,NA,NA,NA,-3.3,NA,"pump","Jago Lagoon Deep Station 2",70.1068333,-143.4434667,"lagoon","primary"
"East","Jago","JALD2","open water",2019-08-08,"surface",83,7,NA,NA,NA,NA,NA,NA,NA,NA,NA,NA,NA,-3.4,NA,"pump","Jago Lagoon Deep Station 2",70.1068333,-143.4434667,"lagoon","primary"
"East","Jago","JALD2","open water",2019-08-09,"bottom",NA,NA,2.79,29723,2.44,9.96,97.3,6.21,7.57,29.87,46755,5.9,NA,NA,NA,NA,"Jago Lagoon Deep Station 2",70.1068333,-143.4434667,"lagoon","primary"
"East","Jago","JALD2","open water",2019-08-09,"surface",NA,NA,1.39,26231,0.26,10.12,99.6,3.35,7.43,24.76,39250,7.6,NA,NA,NA,NA,"Jago Lagoon Deep Station 2",70.1068333,-143.4434667,"lagoon","primary"
"East","Jago","JALD2","open water",2019-08-12,"bottom",NA,NA,3.4,28059,3.35,10.08,96.5,9.8,7.28,28.42,44773,5.5,NA,NA,NA,NA,"Jago Lagoon Deep Station 2",70.1068333,-143.4434667,"lagoon","primary"
"East","Jago","JALD2","open water",2019-08-12,"surface",NA,NA,3.05,25473,0.3,10.16,97.2,7.07,6.93,24.84,39489,6.4,NA,NA,NA,NA,"Jago Lagoon Deep Station 2",70.1068333,-143.4434667,"lagoon","primary"
"East","Jago","JALD2","open water",2021-07-31,"bottom",NA,NA,NA,NA,NA,NA,NA,NA,NA,NA,NA,NA,NA,-3.2,NA,NA,"Jago Lagoon Deep Station 2",70.1068333,-143.4434667,"lagoon","primary"
"East","Jago","JALD2","open water",2021-08-01,"bottom",105,9,NA,NA,NA,NA,NA,NA,NA,NA,NA,NA,NA,NA,NA,"pump","Jago Lagoon Deep Station 2",70.1068333,-143.4434667,"lagoon","primary"
"East","Jago","JALD2","open water",2021-08-01,"surface",148,8,NA,NA,NA,NA,NA,NA,NA,NA,NA,NA,NA,NA,NA,"pump","Jago Lagoon Deep Station 2",70.1068333,-143.4434667,"lagoon","primary"
"East","Jago","JALD2","open water",2022-08-16,"surface",NA,NA,NA,NA,NA,NA,NA,NA,NA,NA,NA,NA,NA,-8.5,NA,NA,"Jago Lagoon Deep Station 2",70.1068333,-143.4434667,"lagoon","primary"
"East","Jago","JALS1","open water",2018-08-02,"surface",321,10,2.03,7320,0,11.86,101.5,6.02,8.09,6.34,11192,6.9,NA,NA,NA,"pump","Jago Lagoon Shallow Station 1",70.08801,-143.45609,"lagoon","secondary"
"East","Jago","JALS1","open water",2018-08-02,"surface",314,11,2.03,7320,0,11.86,101.5,6.02,8.09,6.34,11192,6.9,NA,NA,NA,"pump","Jago Lagoon Shallow Station 1",70.08801,-143.45609,"lagoon","secondary"
"East","Jago","JALS1","open water",2019-08-08,"surface",133,8,NA,NA,NA,NA,NA,NA,NA,NA,NA,NA,NA,-6.2,NA,"pump","Jago Lagoon Shallow Station 1",70.08801,-143.45609,"lagoon","secondary"
"East","Jago","JALS1","open water",2019-08-09,"surface",NA,NA,1.01,26773,0.19,10.14,101.2,3.61,7.45,24.89,39366,8.2,NA,NA,NA,NA,"Jago Lagoon Shallow Station 1",70.08801,-143.45609,"lagoon","secondary"
"East","Jago","JALS1","open water",2022-08-16,"surface",NA,NA,NA,NA,NA,NA,NA,NA,NA,NA,NA,NA,NA,-9.1,NA,NA,"Jago Lagoon Shallow Station 1",70.08801,-143.45609,"lagoon","secondary"
"East","Jago","JALS2","open water",2018-08-01,"surface",491,17,3.67,3103,0.029,11.01,98,8.46,8.18,2.35,4402,9.5,NA,NA,NA,"pump","Jago Lagoon Shallow Station 2",70.0919,-143.37767,"lagoon","primary"
"East","Jago","JALS2","break up",2019-06-23,"surface",206,8,1.2,4921,0.3,10.55,104,3.96,8.21,3.44,6269,13.7,NA,-16.1,NA,"pump","Jago Lagoon Shallow Station 2",70.0919,-143.37767,"lagoon","primary"
"East","Jago","JALS2","open water",2019-08-08,"surface",180,10,NA,NA,NA,NA,NA,NA,NA,NA,NA,NA,NA,-5.7,NA,"pump","Jago Lagoon Shallow Station 2",70.0919,-143.37767,"lagoon","primary"
"East","Jago","JALS2","open water",2019-08-09,"surface",NA,NA,1.9,27612,0.33,10.05,99.5,4.26,7.41,26.33,41494,7.5,NA,NA,NA,NA,"Jago Lagoon Shallow Station 2",70.0919,-143.37767,"lagoon","primary"
"East","Jago","JAR1","open water",2018-07-23,"surface",433,18,NA,NA,NA,NA,NA,NA,NA,NA,NA,NA,NA,NA,NA,"pump","Jago River Station 1",70.09164,-143.31685,"river","river"
"East","Jago","JAR1","open water",2018-07-31,"surface",407,16,2.14,177.1,0,10.5,100.5,5.72,7.9,0.11,227.9,13.3,NA,NA,NA,"pump","Jago River Station 1",70.09164,-143.31685,"river","river"
"East","Jago","JAR1","break up",2019-06-22,"surface",181,7,0.84,187.2,NA,10.15,105.9,3.22,8.94,0.1,219.3,17.4,NA,-21.4,NA,"pump","Jago River Station 1",70.09164,-143.31685,"river","river"
"East","Kaktovik","KALD1","open water",2018-08-03,"bottom",274,13,4.83,30008,2.788,17.86,177.4,10.56,8.15,29.33,45859,7,NA,NA,NA,"pump","Kaktovik Lagoon Deep Station 1",70.089,-143.6233167,"lagoon","secondary"
"East","Kaktovik","KALD1","open water",2018-08-03,"surface",247,10,1.45,6383,0.013,11.22,98.4,3.84,7.92,5.28,9408,8.2,NA,NA,NA,"pump","Kaktovik Lagoon Deep Station 1",70.089,-143.6233167,"lagoon","secondary"
"East","Kaktovik","KALD1","under ice",2019-04-28,"bottom",127,18,0.27,30540,2.38,8.18,70.2,3.75,7.33,39.33,62650,-1.8,NA,-3,"Samples frozen. Vials were taped shut with no headspace at the time they froze (and leaked a bit) and were kept frozen until thawed for analysis.","pump","Kaktovik Lagoon Deep Station 1",70.089,-143.6233167,"lagoon","secondary"
"East","Kaktovik","KALD1","under ice",2019-04-28,"surface",121,14,0.25,29248,1.47,12.39,104.4,4.47,7.59,37.86,60667,-2.1,NA,-2.5,"Samples frozen. Vials were taped shut with no headspace at the time they froze (and leaked a bit) and were kept frozen until thawed for analysis.","pump","Kaktovik Lagoon Deep Station 1",70.089,-143.6233167,"lagoon","secondary"
"East","Kaktovik","KALD1","open water",2019-08-08,"bottom",96,7,1.53,28391,3.3,9.83,100.7,3.18,7.71,25.93,40791,9.1,"No time recorded. Noon time 12:00 appended to maintain date time format.",-5.7,NA,"pump","Kaktovik Lagoon Deep Station 1",70.089,-143.6233167,"lagoon","secondary"
"East","Kaktovik","KALD1","open water",2019-08-08,"surface",133,8,1.15,28398,0.1,9.87,101.1,3.37,7.68,25.94,40806,9.1,"No time recorded. Noon time 12:00 appended to maintain date time format.",-5.7,NA,"pump","Kaktovik Lagoon Deep Station 1",70.089,-143.6233167,"lagoon","secondary"
"East","Kaktovik","KALD2","open water",2018-08-04,"bottom",201,11,5,35555,2.657,12.45,127.4,9.85,7.78,36.28,55694,6.1,NA,NA,NA,"pump","Kaktovik Lagoon Deep Station 2",70.1009333,-143.5709,"lagoon","primary"
"East","Kaktovik","KALD2","open water",2018-08-04,"surface",349,14,1.92,6942,0.016,11.54,99.1,4.68,7.94,5.99,10604,6.9,NA,NA,NA,"pump","Kaktovik Lagoon Deep Station 2",70.1009333,-143.5709,"lagoon","primary"
"East","Kaktovik","KALD2","under ice",2019-04-26,"bottom",138,19,0.6,31012,2.9,4.95,42.7,5.7,7.12,39.7,63061,-1.6,NA,-3.5,"Samples frozen. Vials were taped shut with no headspace at the time they froze (and leaked a bit) and were kept frozen until thawed for analysis.","pump","Kaktovik Lagoon Deep Station 2",70.1009333,-143.5709,"lagoon","primary"
"East","Kaktovik","KALD2","under ice",2019-04-26,"surface",121,17,0,29606,1.6,11.07,94.1,3.68,7.39,38.15,60999,-1.9,NA,-2.8,"Samples frozen. Vials were taped shut with no headspace at the time they froze (and leaked a bit) and were kept frozen until thawed for analysis.","pump","Kaktovik Lagoon Deep Station 2",70.1009333,-143.5709,"lagoon","primary"
"East","Kaktovik","KALD2","break up",2019-06-21,"bottom",NA,NA,3.6,31977,3.3,17.47,155.6,8.95,7.67,39.03,61359,-0.1,NA,NA,NA,NA,"Kaktovik Lagoon Deep Station 2",70.1009333,-143.5709,"lagoon","primary"
"East","Kaktovik","KALD2","break up",2019-06-21,"surface",NA,NA,1.15,4615,0.3,13.34,101.7,4.72,7.68,4.38,8008,2.8,NA,NA,NA,NA,"Kaktovik Lagoon Deep Station 2",70.1009333,-143.5709,"lagoon","primary"
"East","Kaktovik","KALD2","open water",2019-08-08,"bottom",119,17,1.61,28427,3.1,9.67,99.1,3.59,7.89,25.98,40882,9.1,"No time recorded. Noon time 12:00 appended to maintain date time format.",-5.7,NA,"pump","Kaktovik Lagoon Deep Station 2",70.1009333,-143.5709,"lagoon","primary"
"East","Kaktovik","KALD2","open water",2019-08-08,"surface",88,6,1.2,28422,0.1,9.66,99,3.45,7.82,25.96,40845,9.1,"No time recorded. Noon time 12:00 appended to maintain date time format.",-5.7,NA,"pump","Kaktovik Lagoon Deep Station 2",70.1009333,-143.5709,"lagoon","primary"
"East","Kaktovik","KALD2","open water",2021-07-31,"bottom",247,13,NA,NA,NA,NA,NA,NA,NA,NA,NA,NA,NA,NA,NA,"pump","Kaktovik Lagoon Deep Station 2",70.1009333,-143.5709,"lagoon","primary"
"East","Kaktovik","KALD2","open water",2021-07-31,"surface",178,10,NA,NA,NA,NA,NA,NA,NA,NA,NA,NA,NA,NA,NA,"pump","Kaktovik Lagoon Deep Station 2",70.1009333,-143.5709,"lagoon","primary"
"East","Kaktovik","KALD2","open water",2021-08-01,"bottom",NA,NA,NA,NA,NA,NA,NA,NA,NA,NA,NA,NA,NA,-4.7,NA,NA,"Kaktovik Lagoon Deep Station 2",70.1009333,-143.5709,"lagoon","primary"
"East","Kaktovik","KALD2","open water",2021-08-01,"surface",NA,NA,NA,NA,NA,NA,NA,NA,NA,NA,NA,NA,NA,-8.3,NA,NA,"Kaktovik Lagoon Deep Station 2",70.1009333,-143.5709,"lagoon","primary"
"East","Kaktovik","KALD2","under ice",2022-04-21,"bottom",266,17,NA,NA,NA,NA,NA,NA,NA,NA,NA,NA,NA,-4.8,NA,"pump","Kaktovik Lagoon Deep Station 2",70.1009333,-143.5709,"lagoon","primary"
"East","Kaktovik","KALD2","under ice",2022-04-21,"surface",130,8,NA,NA,NA,NA,NA,NA,NA,NA,NA,NA,NA,-4.2,NA,"pump","Kaktovik Lagoon Deep Station 2",70.1009333,-143.5709,"lagoon","primary"
"East","Kaktovik","KALD2","open water",2022-08-16,"surface",NA,NA,NA,NA,NA,NA,NA,NA,NA,NA,NA,NA,NA,-7.5,NA,NA,"Kaktovik Lagoon Deep Station 2",70.1009333,-143.5709,"lagoon","primary"
"East","Kaktovik","KALD2_Aux_2019","break up",2019-06-21,"bottom",165,11,NA,NA,NA,NA,NA,NA,NA,NA,NA,NA,NA,-3.5,NA,"pump","Kaktovik Lagoon Deep auxiliary sampling station 2019",70.10413,-143.56238,"lagoon","not applicable"
"East","Kaktovik","KALD2_Aux_2019","break up",2019-06-21,"surface",186,8,NA,NA,NA,NA,NA,NA,NA,NA,NA,NA,NA,-10.1,NA,"pump","Kaktovik Lagoon Deep auxiliary sampling station 2019",70.10413,-143.56238,"lagoon","not applicable"
"East","Kaktovik","KALD2_Aux_2019","break up",2019-06-21,"surface",186,8,NA,NA,NA,NA,NA,NA,NA,NA,NA,NA,NA,-10.1,NA,"pump","Kaktovik Lagoon Deep auxiliary sampling station 2019",70.10413,-143.56238,"lagoon","not applicable"
"East","Kaktovik","KALS1","open water",2018-08-03,"surface",451,17,2.62,4360,0.002,11.91,100.1,5.3,8.1,3.9,7102,6.8,NA,NA,NA,"pump","Kaktovik Lagoon Shallow Station 1",70.08161,-143.55383,"lagoon","secondary"
"East","Kaktovik","KALS1","open water",2019-08-10,"surface",161,9,2.26,26249,0.1,9.93,98,4.92,7.18,24.63,39041,7.8,NA,-6.3,NA,"grab","Kaktovik Lagoon Shallow Station 1",70.08161,-143.55383,"lagoon","secondary"
"East","Kaktovik","KALS2","open water",2018-08-03,"surface",215,9,2.17,7287,0.019,11.66,100,4.41,8.01,6.3,111,7,NA,NA,NA,"pump","Kaktovik Lagoon Shallow Station 2",70.11949,-143.5372,"lagoon","primary"
"East","Kaktovik","KALS2","break up",2019-06-23,"surface",182,7,1.32,9196,0.3,12.93,111.1,4.16,8.1,8.17,14172,6.6,NA,-11.3,NA,"pump","Kaktovik Lagoon Shallow Station 2",70.11949,-143.5372,"lagoon","primary"
"East","Kaktovik","KALS2","open water",2019-08-10,"surface",116,8,2.89,26094,0.26,9.99,97.7,4.9,7.22,24.74,39195,7.5,NA,-6.3,NA,"grab","Kaktovik Lagoon Shallow Station 2",70.11949,-143.5372,"lagoon","primary"
"East","Kaktovik","KALS2","open water",2022-08-16,"surface",NA,NA,NA,NA,NA,NA,NA,NA,NA,NA,NA,NA,NA,-8.9,NA,NA,"Kaktovik Lagoon Shallow Station 2",70.11949,-143.5372,"lagoon","primary"
"East","not applicable","Beaufort2018","open water",2018-08-04,"surface",179,11,NA,NA,NA,NA,NA,NA,NA,NA,NA,NA,NA,NA,NA,"pump","Beaufort Sea, sampling site 2018",70.13337,-143.70329,"ocean","ocean"
"East","not applicable","Beaufort2018","open water",2018-08-05,"surface",NA,NA,3.11,24701,3.277,12.47,100.9,4.35,7.85,30.77,49990,-1.5,NA,NA,NA,NA,"Beaufort Sea, sampling site 2018",70.13337,-143.70329,"ocean","ocean"
"East","not applicable","Beaufort2019","open water",2019-08-05,"surface",99,6,24.86,26489,2.58,10.49,99.2,68.57,7.87,26.64,42235,5.4,NA,-5.8,NA,"pump","Beaufort Sea, sampling site 2019",70.44325,-148.739283,"ocean","ocean"
"East","not applicable","Beaufort2019","open water",2019-08-05,"surface",99,6,1.82,26366,0.27,10.12,100.7,5.57,7.88,24.51,38837,8.2,NA,-5.8,NA,"pump","Beaufort Sea, sampling site 2019",70.44325,-148.739283,"ocean","ocean"
"East","not applicable","Beaufort2022","open water",2022-08-16,"surface",NA,NA,NA,NA,NA,NA,NA,NA,NA,NA,NA,NA,NA,-4.8,NA,NA,"Beaufort Sea, sampling site 2022",70.075,-145.113167,"ocean","ocean"
"West","Elson East","AVR1","open water",2018-07-26,"surface",527,26,NA,NA,NA,NA,NA,NA,NA,NA,NA,NA,NA,NA,NA,"pump","Avak Creek Station 1",71.14711,-156.19139,"river","river"
"West","Elson East","AVR1","open water",2019-08-05,"surface",888,36,4.08,157,NA,10.78,92,5.62,8.01,0.11,234,8.4,NA,-11.8,NA,"pump","Avak Creek Station 1",71.14711,-156.19139,"river","river"
"West","Elson East","AVR1","open water",2021-08-04,"surface",537,33,NA,NA,NA,NA,NA,NA,NA,NA,NA,NA,NA,-10.1,NA,"pump","Avak Creek Station 1",71.14711,-156.19139,"river","river"
"West","Elson East","AVR1","open water",2022-08-09,"surface",535,29,NA,NA,NA,NA,NA,NA,NA,NA,NA,NA,NA,-11.8,NA,"pump","Avak Creek Station 1",71.14711,-156.19139,"river","river"
"West","Elson East","EELD1","under ice",2019-04-16,"bottom",208,20,0.63,27750,2.9,10.41,86.8,2.14,7.38,35.34,56927,-1.8,NA,-3.2,NA,"pump","Elson East Lagoon Deep Station 1",71.29286,-156.19644,"lagoon","primary"
"West","Elson East","EELD1","under ice",2019-04-16,"surface",182,21,0.44,27273,1.5,10.64,88.2,2.09,7.46,34.87,56225,-2,NA,-2.4,NA,"pump","Elson East Lagoon Deep Station 1",71.29286,-156.19644,"lagoon","primary"
"West","Elson East","EELD1","open water",2019-07-31,"bottom",242,12,NA,NA,NA,NA,NA,NA,NA,NA,NA,NA,NA,-4.7,NA,"pump","Elson East Lagoon Deep Station 1",71.29286,-156.19644,"lagoon","primary"
"West","Elson East","EELD1","open water",2019-07-31,"surface",159,8,NA,NA,NA,NA,NA,NA,NA,NA,NA,NA,NA,-5.1,NA,"pump","Elson East Lagoon Deep Station 1",71.29286,-156.19644,"lagoon","primary"
"West","Elson East","EELD1","open water",2019-08-01,"bottom",NA,NA,1.5,26903,1.9,10.33,104.7,1.6,7.95,24.55,38600,9.1,NA,NA,NA,NA,"Elson East Lagoon Deep Station 1",71.29286,-156.19644,"lagoon","primary"
"West","Elson East","EELD1","open water",2019-08-01,"surface",NA,NA,1,26767,0.09,9.91,105.4,1.43,7.92,23.55,37317,10.5,NA,NA,NA,NA,"Elson East Lagoon Deep Station 1",71.29286,-156.19644,"lagoon","primary"
"West","Elson East","EELD1","under ice",2021-04-24,"surface",NA,NA,NA,NA,NA,NA,NA,NA,NA,NA,NA,NA,NA,-3.8,NA,NA,"Elson East Lagoon Deep Station 1",71.29286,-156.19644,"lagoon","primary"
"West","Elson East","EELD1","under ice",2021-04-27,"bottom",209,18,NA,NA,NA,NA,NA,NA,NA,NA,NA,NA,NA,NA,NA,"pump","Elson East Lagoon Deep Station 1",71.29286,-156.19644,"lagoon","primary"
"West","Elson East","EELD1","under ice",2021-04-27,"surface",190,18,NA,NA,NA,NA,NA,NA,NA,NA,NA,NA,NA,-3.8,NA,"pump","Elson East Lagoon Deep Station 1",71.29286,-156.19644,"lagoon","primary"
"West","Elson East","EELD1","open water",2021-08-02,"bottom",234,11,NA,NA,NA,NA,NA,NA,NA,NA,NA,NA,NA,-4.9,NA,"pump","Elson East Lagoon Deep Station 1",71.29286,-156.19644,"lagoon","primary"
"West","Elson East","EELD1","open water",2021-08-02,"surface",230,12,NA,NA,NA,NA,NA,NA,NA,NA,NA,NA,NA,-4.6,NA,"pump","Elson East Lagoon Deep Station 1",71.29286,-156.19644,"lagoon","primary"
"West","Elson East","EELD1","under ice",2022-04-17,"bottom",133,13,NA,NA,NA,NA,NA,NA,NA,NA,NA,NA,NA,-4.4,NA,"pump","Elson East Lagoon Deep Station 1",71.29286,-156.19644,"lagoon","primary"
"West","Elson East","EELD1","under ice",2022-04-17,"surface",233,21,NA,NA,NA,NA,NA,NA,NA,NA,NA,NA,NA,-4.4,NA,"pump","Elson East Lagoon Deep Station 1",71.29286,-156.19644,"lagoon","primary"
"West","Elson East","EELD1","open water",2022-08-02,"bottom",134,7,NA,NA,NA,NA,NA,NA,NA,NA,NA,NA,NA,-4.2,NA,"pump","Elson East Lagoon Deep Station 1",71.29286,-156.19644,"lagoon","primary"
"West","Elson East","EELD1","open water",2022-08-02,"surface",195,8,NA,NA,NA,NA,NA,NA,NA,NA,NA,NA,NA,-6.4,NA,"pump","Elson East Lagoon Deep Station 1",71.29286,-156.19644,"lagoon","primary"
"West","Elson East","EELD1_Aux_2021","break up",2021-07-07,"bottom",333,12,NA,NA,NA,NA,NA,NA,NA,NA,NA,NA,NA,-7.8,NA,"pump","Elson East Lagoon Deep auxiliary sampling station 2021",71.27265,-156.29149,"lagoon","not applicable"
"West","Elson East","EELD1_Aux_2021","break up",2021-07-07,"surface",170,8,NA,NA,NA,NA,NA,NA,NA,NA,NA,NA,NA,-5.8,NA,"pump","Elson East Lagoon Deep auxiliary sampling station 2021",71.27265,-156.29149,"lagoon","not applicable"
"West","Elson East","EELD2","open water",2019-07-31,"bottom",78,7,NA,NA,NA,NA,NA,NA,NA,NA,NA,NA,NA,-3.2,NA,"pump","Elson East Lagoon Deep Station 2",71.25211,-156.04619,"lagoon","secondary"
"West","Elson East","EELD2","open water",2019-07-31,"surface",125,14,NA,NA,NA,NA,NA,NA,NA,NA,NA,NA,NA,-5,NA,"pump","Elson East Lagoon Deep Station 2",71.25211,-156.04619,"lagoon","secondary"
"West","Elson East","EELD2","open water",2019-08-01,"bottom",NA,NA,4.18,27339,1.8,9.98,99,5.85,7.84,25.89,40847,7.7,NA,NA,NA,NA,"Elson East Lagoon Deep Station 2",71.25211,-156.04619,"lagoon","secondary"
"West","Elson East","EELD2","open water",2019-08-01,"surface",NA,NA,3.19,27260,0.07,10.02,103.9,3.9,7.76,23.94,37940,10.3,NA,NA,NA,NA,"Elson East Lagoon Deep Station 2",71.25211,-156.04619,"lagoon","secondary"
"West","Elson East","EELD2","open water",2019-08-13,"bottom",NA,NA,2.76,29584,2.2,9.51,97.3,4.39,7.96,27.53,43223,8.5,NA,NA,NA,NA,"Elson East Lagoon Deep Station 2",71.25211,-156.04619,"lagoon","secondary"
"West","Elson East","EELD2","open water",2019-08-13,"surface",NA,NA,3.82,21714,0.3,10.48,101.4,5.76,7.97,19.72,31837,8.4,NA,NA,NA,NA,"Elson East Lagoon Deep Station 2",71.25211,-156.04619,"lagoon","secondary"
"West","Elson East","EELD2","open water",2021-08-02,"bottom",116,8,NA,NA,NA,NA,NA,NA,NA,NA,NA,NA,NA,-2.4,NA,"pump","Elson East Lagoon Deep Station 2",71.25211,-156.04619,"lagoon","secondary"
"West","Elson East","EELD2","open water",2021-08-02,"surface",108,11,NA,NA,NA,NA,NA,NA,NA,NA,NA,NA,NA,-5.2,NA,"pump","Elson East Lagoon Deep Station 2",71.25211,-156.04619,"lagoon","secondary"
"West","Elson East","EELD2","open water",2022-08-02,"bottom",291,8,NA,NA,NA,NA,NA,NA,NA,NA,NA,NA,NA,-3.9,NA,"pump","Elson East Lagoon Deep Station 2",71.25211,-156.04619,"lagoon","secondary"
"West","Elson East","EELD2","open water",2022-08-02,"surface",416,14,NA,NA,NA,NA,NA,NA,NA,NA,NA,NA,NA,-7.7,NA,"pump","Elson East Lagoon Deep Station 2",71.25211,-156.04619,"lagoon","secondary"
"West","Elson East","EELS1","break up",2019-06-22,"surface",NA,NA,1.9,2752,0.1,12.99,95.8,4.15,7.42,2.59,4893,2.1,NA,NA,NA,NA,"Elson East Lagoon Shallow Station 1",71.2629,-156.27286,"lagoon","primary"
"West","Elson East","EELS1","open water",2019-07-31,"surface",166,11,NA,NA,NA,NA,NA,NA,NA,NA,NA,NA,NA,-5,NA,"pump","Elson East Lagoon Shallow Station 1",71.2629,-156.27286,"lagoon","primary"
"West","Elson East","EELS1","open water",2019-08-01,"surface",NA,NA,3,27168,0.08,9.99,103.9,3.9,7.92,23.5,37175,10.9,NA,NA,NA,NA,"Elson East Lagoon Shallow Station 1",71.2629,-156.27286,"lagoon","primary"
"West","Elson East","EELS1","open water",2021-08-02,"surface",138,13,NA,NA,NA,NA,NA,NA,NA,NA,NA,NA,NA,-5.7,NA,"pump","Elson East Lagoon Shallow Station 1",71.2629,-156.27286,"lagoon","primary"
"West","Elson East","EELS1","open water",2022-08-02,"surface",194,9,NA,NA,NA,NA,NA,NA,NA,NA,NA,NA,NA,-4.5,NA,"pump","Elson East Lagoon Shallow Station 1",71.2629,-156.27286,"lagoon","primary"
"West","Elson East","EELS1_Aux_2019","break up",2019-06-22,"surface",365,15,NA,NA,NA,NA,NA,NA,NA,NA,NA,NA,NA,-7.7,NA,"pump","Elson East Lagoon Shallow auxiliary sampling station 2019",71.26533,-156.2619838,"lagoon","not applicable"
"West","Elson East","EELS1_Aux_2021","break up",2021-07-07,"surface",193,11,NA,NA,NA,NA,NA,NA,NA,NA,NA,NA,NA,-6.3,NA,"pump","Elson East Lagoon Shallow auxiliary sampling station 2021",71.26196,-156.35121,"lagoon","not applicable"
"West","Elson East","EELS1_Aux_2022","break up",2022-07-04,"surface",565,30,NA,NA,NA,NA,NA,NA,NA,NA,NA,NA,NA,-9.5,NA,"pump","Elson East Lagoon Shallow auxiliary sampling station 2019",71.26101,-156.35121,"lagoon","not applicable"
"West","Elson East","EELS2","open water",2019-07-31,"surface",166,12,NA,NA,NA,NA,NA,NA,NA,NA,NA,NA,NA,-5.3,NA,"pump","Elson East Lagoon Shallow Station 2",71.24097,-156.09151,"lagoon","secondary"
"West","Elson East","EELS2","open water",2019-08-01,"surface",NA,NA,2.74,26490,0.04,9.96,103.6,3.26,7.8,22.88,36344,10.8,NA,NA,NA,NA,"Elson East Lagoon Shallow Station 2",71.24097,-156.09151,"lagoon","secondary"
"West","Elson East","EELS2","open water",2021-08-02,"surface",304,14,NA,NA,NA,NA,NA,NA,NA,NA,NA,NA,NA,-5.6,NA,"pump","Elson East Lagoon Shallow Station 2",71.24097,-156.09151,"lagoon","secondary"
"West","Elson East","EELS2","open water",2022-08-02,"surface",260,12,NA,NA,NA,NA,NA,NA,NA,NA,NA,NA,NA,-7.9,NA,"pump","Elson East Lagoon Shallow Station 2",71.24097,-156.09151,"lagoon","secondary"
"West","Elson East","NNR1","open water",2018-07-27,"surface",828,36,NA,NA,NA,NA,NA,NA,NA,NA,NA,NA,NA,NA,NA,"pump","No Name River Station 1",71.2392833,-156.33505,"river","river"
"West","Elson East","NNR1","break up",2019-06-20,"surface",967,40,2.7,89,NA,9.03,90.5,2.6,7.47,0.05,109.1,15.7,NA,-12.4,NA,"pump","No Name River Station 1",71.2392833,-156.33505,"river","river"
"West","Elson East","NNR1","break up",2019-06-20,"surface",967,40,2.7,89,NA,9.03,90.5,2.6,7.47,0.05,109.1,15.7,NA,-12.5,NA,"pump","No Name River Station 1",71.2392833,-156.33505,"river","river"
"West","Elson East","NNR1","open water",2019-08-02,"surface",772,31,NA,NA,NA,10.38,55.5,NA,6.95,NA,113.5,8.4,NA,-13.1,NA,"grab","No Name River Station 1",71.2392833,-156.33505,"river","river"
"West","Elson East","NNR1","break up",2021-07-06,"surface",564,25,NA,NA,NA,NA,NA,NA,NA,NA,NA,NA,NA,-9.5,NA,"pump","No Name River Station 1",71.2392833,-156.33505,"river","river"
"West","Elson East","NNR1","open water",2021-08-05,"surface",583,29,NA,NA,NA,NA,NA,NA,NA,NA,NA,NA,NA,-10.3,NA,"pump","No Name River Station 1",71.2392833,-156.33505,"river","river"
"West","Elson East","NNR1","break up",2022-07-02,"surface",498,21,NA,NA,NA,NA,NA,NA,NA,NA,NA,NA,NA,-10,NA,"pump","No Name River Station 1",71.2392833,-156.33505,"river","river"
"West","Elson East","NNR1","open water",2022-08-06,"surface",539,25,NA,NA,NA,NA,NA,NA,NA,NA,NA,NA,NA,-11.4,NA,"pump","No Name River Station 1",71.2392833,-156.33505,"river","river"
"West","Elson West","EWL_CET_0","break up",2021-07-04,"surface",352,12,NA,NA,NA,NA,NA,NA,NA,NA,NA,NA,NA,NA,NA,"pump","Elson West Lagoon Craig E Tweedie 0",71.358223,-156.36044,"lagoon","secondary"
"West","Elson West","EWL_CET_0","under ice",2022-04-18,"surface",NA,NA,NA,NA,NA,NA,NA,NA,NA,NA,NA,NA,NA,-3.4,NA,NA,"Elson West Lagoon Craig E Tweedie 0",71.358223,-156.36044,"lagoon","secondary"
"West","Elson West","EWLD1","open water",2018-07-28,"bottom",125,8,2.3,-99999,2.6,10.32,99.9,4.6,7.94,27.49,43337,6.2,NA,NA,NA,"pump","Elson West Lagoon Deep Station 1",71.3379,-156.4165,"lagoon","primary"
"West","Elson West","EWLD1","open water",2018-07-28,"surface",116,8,1.21,-99999,0.16,10.42,101.1,3.71,7.78,27,42601,6.4,NA,NA,NA,"pump","Elson West Lagoon Deep Station 1",71.3379,-156.4165,"lagoon","primary"
"West","Elson West","EWLD1","open water",2018-07-29,"bottom",NA,NA,2.12,-99999,3.3,10.76,105.6,5.17,7.91,27.31,43003,6.8,NA,NA,NA,NA,"Elson West Lagoon Deep Station 1",71.3379,-156.4165,"lagoon","primary"
"West","Elson West","EWLD1","open water",2018-07-29,"surface",NA,NA,0.73,-99999,0.05,10.25,100.9,1.84,7.91,26.91,42396,7.1,NA,NA,NA,NA,"Elson West Lagoon Deep Station 1",71.3379,-156.4165,"lagoon","primary"
"West","Elson West","EWLD1","under ice",2019-04-14,"bottom",212,21,0.39,27164,2.06,9.79,80.6,1.6,7.62,34.6,55933,-2,NA,-2.5,NA,"pump","Elson West Lagoon Deep Station 1",71.3379,-156.4165,"lagoon","primary"
"West","Elson West","EWLD1","under ice",2019-04-14,"surface",140,18,0.3,27126,1.05,10.46,86.5,1.5,7.69,34.68,55975,-2,NA,-1.9,NA,"pump","Elson West Lagoon Deep Station 1",71.3379,-156.4165,"lagoon","primary"
"West","Elson West","EWLD1","break up",2019-06-24,"bottom",NA,NA,19.7,9590,2.39,10.91,80,51.47,7.2,10.54,18426,-0.3,NA,NA,NA,NA,"Elson West Lagoon Deep Station 1",71.3379,-156.4165,"lagoon","primary"
"West","Elson West","EWLD1","break up",2019-06-24,"bottom",NA,NA,3,4887,2.5,11.71,83.6,14.49,7.73,6.67,9488,-0.2,NA,NA,NA,NA,"Elson West Lagoon Deep Station 1",71.3379,-156.4165,"lagoon","primary"
"West","Elson West","EWLD1","break up",2019-06-24,"surface",NA,NA,0.73,3302,0.76,13.15,93.4,1.8,8.6,3.28,6184,0.6,NA,NA,NA,NA,"Elson West Lagoon Deep Station 1",71.3379,-156.4165,"lagoon","primary"
"West","Elson West","EWLD1","break up",2019-06-24,"surface",NA,NA,2.37,3155,0.65,13.18,92.4,5.1,7.56,3.18,5494,0.1,NA,NA,NA,NA,"Elson West Lagoon Deep Station 1",71.3379,-156.4165,"lagoon","primary"
"West","Elson West","EWLD1","open water",2019-08-05,"bottom",78,7,2.1,33385,0.21,10.35,111.1,4.1,8.04,30.31,46911,9.9,NA,-2.5,NA,"pump","Elson West Lagoon Deep Station 1",71.3379,-156.4165,"lagoon","primary"
"West","Elson West","EWLD1","open water",2019-08-05,"surface",104,8,2.27,33171,2.46,9.47,101.5,3.05,7.98,30.1,46604,9.9,NA,-2.7,NA,"grab","Elson West Lagoon Deep Station 1",71.3379,-156.4165,"lagoon","primary"
"West","Elson West","EWLD1","under ice",2021-04-25,"bottom",167,13,NA,NA,NA,NA,NA,NA,NA,NA,NA,NA,NA,-3.5,NA,"pump","Elson West Lagoon Deep Station 1",71.3379,-156.4165,"lagoon","primary"
"West","Elson West","EWLD1","under ice",2021-04-25,"surface",156,14,NA,NA,NA,NA,NA,NA,NA,NA,NA,NA,NA,-2.6,NA,"pump","Elson West Lagoon Deep Station 1",71.3379,-156.4165,"lagoon","primary"
"West","Elson West","EWLD1","break up",2021-07-08,"bottom",253,10,NA,NA,NA,NA,NA,NA,NA,NA,NA,NA,NA,NA,NA,"pump","Elson West Lagoon Deep Station 1",71.3379,-156.4165,"lagoon","primary"
"West","Elson West","EWLD1","break up",2021-07-08,"surface",302,14,NA,NA,NA,NA,NA,NA,NA,NA,NA,NA,NA,NA,NA,"pump","Elson West Lagoon Deep Station 1",71.3379,-156.4165,"lagoon","primary"
"West","Elson West","EWLD1","open water",2021-08-02,"bottom",148,9,NA,NA,NA,NA,NA,NA,NA,NA,NA,NA,NA,NA,NA,"pump","Elson West Lagoon Deep Station 1",71.3379,-156.4165,"lagoon","primary"
"West","Elson West","EWLD1","open water",2021-08-02,"surface",108,11,NA,NA,NA,NA,NA,NA,NA,NA,NA,NA,NA,-5.2,NA,"pump","Elson West Lagoon Deep Station 1",71.3379,-156.4165,"lagoon","primary"
"West","Elson West","EWLD1","under ice",2022-04-16,"bottom",272,18,NA,NA,NA,NA,NA,NA,NA,NA,NA,NA,NA,-3.8,NA,"pump","Elson West Lagoon Deep Station 1",71.3379,-156.4165,"lagoon","primary"
"West","Elson West","EWLD1","under ice",2022-04-16,"surface",307,14,NA,NA,NA,NA,NA,NA,NA,NA,NA,NA,NA,-3.5,NA,"pump","Elson West Lagoon Deep Station 1",71.3379,-156.4165,"lagoon","primary"
"West","Elson West","EWLD1","open water",2022-08-05,"bottom",245,8,NA,NA,NA,NA,NA,NA,NA,NA,NA,NA,NA,-1.7,NA,"pump","Elson West Lagoon Deep Station 1",71.3379,-156.4165,"lagoon","primary"
"West","Elson West","EWLD1","open water",2022-08-05,"surface",410,14,NA,NA,NA,NA,NA,NA,NA,NA,NA,NA,NA,-5.7,NA,"pump","Elson West Lagoon Deep Station 1",71.3379,-156.4165,"lagoon","primary"
"West","Elson West","EWLD1_Aux_2019","break up",2019-06-24,"bottom",385,15,NA,NA,NA,NA,NA,NA,NA,NA,NA,NA,NA,-13,NA,"pump","Elson West Lagoon Deep auxiliary sampling station 2019",71.358277,-156.36196681,"lagoon","not applicable"
"West","Elson West","EWLD1_Aux_2019","break up",2019-06-24,"surface",165,7,NA,NA,NA,NA,NA,NA,NA,NA,NA,NA,NA,-10.5,NA,"pump","Elson West Lagoon Deep auxiliary sampling station 2019",71.358277,-156.36196681,"lagoon","not applicable"
"West","Elson West","EWLD1_Aux_2019_B","break up",2019-06-23,"bottom",452,33,NA,NA,NA,NA,NA,NA,NA,NA,NA,NA,NA,-10.2,NA,"pump","Elson West Lagoon Deep auxiliary sampling station B 2019",71.33972,-156.52472,"lagoon","not applicable"
"West","Elson West","EWLD1_Aux_2019_B","break up",2019-06-23,"surface",180,7,NA,NA,NA,NA,NA,NA,NA,NA,NA,NA,NA,-8.1,NA,"pump","Elson West Lagoon Deep auxiliary sampling station B 2019",71.33972,-156.52472,"lagoon","not applicable"
"West","Elson West","EWLD1_Aux_2021","break up",2021-07-04,"surface",NA,NA,NA,NA,NA,NA,NA,NA,NA,NA,NA,NA,NA,-5.6,NA,NA,"Elson West Lagoon Deep auxiliary sampling station 2021",71.33946,-156.48566,"lagoon","not applicable"
"West","Elson West","EWLD2","open water",2018-07-29,"bottom",NA,NA,1.92,28894,3.6,11.39,109.2,2.81,7.99,29.39,46280,5.4,NA,NA,NA,NA,"Elson West Lagoon Deep Station 2",71.31048,-156.28778,"lagoon","secondary"
"West","Elson West","EWLD2","open water",2018-07-29,"surface",NA,NA,0.75,-99999,0.05,11.16,103.8,1.78,7.82,18.89,41794,6.9,NA,NA,NA,NA,"Elson West Lagoon Deep Station 2",71.31048,-156.28778,"lagoon","secondary"
"West","Elson West","EWLD2","under ice",2019-04-15,"bottom",305,25,0.34,27666,3.3,10.36,86.5,2.3,7.51,35.33,5645,-1.8,NA,-3.8,NA,"pump","Elson West Lagoon Deep Station 2",71.31048,-156.28778,"lagoon","secondary"
"West","Elson West","EWLD2","under ice",2019-04-15,"bottom",305,25,0.34,27666,3.3,10.36,86.5,2.3,7.51,35.33,5645,-1.8,NA,-3.7,NA,"pump","Elson West Lagoon Deep Station 2",71.31048,-156.28778,"lagoon","secondary"
"West","Elson West","EWLD2","under ice",2019-04-15,"surface",170,18,0.23,26476,1.4,10.54,86.8,1.4,7.79,33.69,54465,-1.9,NA,-2.1,NA,"pump","Elson West Lagoon Deep Station 2",71.31048,-156.28778,"lagoon","secondary"
"West","Elson West","EWLD2","open water",2019-08-05,"bottom",74,6,2.55,32553,2.75,9.13,97.1,3.5,7.95,29.7,46081,9.6,NA,-3.2,NA,"pump","Elson West Lagoon Deep Station 2",71.31048,-156.28778,"lagoon","secondary"
"West","Elson West","EWLD2","open water",2019-08-05,"surface",160,10,2.28,30344,0.12,9.67,100.6,3.65,7.93,27.78,43400,9.3,NA,-3.5,NA,"grab","Elson West Lagoon Deep Station 2",71.31048,-156.28778,"lagoon","secondary"
"West","Elson West","EWLD2","open water",2019-08-13,"bottom",NA,NA,2.62,32494,3.3,9.5,100.7,12.42,8.01,29.79,46353,9.4,NA,NA,NA,NA,"Elson West Lagoon Deep Station 2",71.31048,-156.28778,"lagoon","secondary"
"West","Elson West","EWLD2","open water",2019-08-13,"surface",NA,NA,3.04,31573,0.3,9.67,101.1,4.15,8.02,29.13,45314,9.1,NA,NA,NA,NA,"Elson West Lagoon Deep Station 2",71.31048,-156.28778,"lagoon","secondary"
"West","Elson West","EWLD2","open water",2021-08-02,"bottom",217,13,NA,NA,NA,NA,NA,NA,NA,NA,NA,NA,NA,-4.9,NA,"pump","Elson West Lagoon Deep Station 2",71.31048,-156.28778,"lagoon","secondary"
"West","Elson West","EWLD2","open water",2021-08-02,"surface",208,11,NA,NA,NA,NA,NA,NA,NA,NA,NA,NA,NA,-4.7,NA,"pump","Elson West Lagoon Deep Station 2",71.31048,-156.28778,"lagoon","secondary"
"West","Elson West","EWLD2","open water",2022-08-05,"bottom",131,8,NA,NA,NA,NA,NA,NA,NA,NA,NA,NA,NA,-2.1,NA,"pump","Elson West Lagoon Deep Station 2",71.31048,-156.28778,"lagoon","secondary"
"West","Elson West","EWLD2","open water",2022-08-05,"surface",273,12,NA,NA,NA,NA,NA,NA,NA,NA,NA,NA,NA,-5.7,NA,"pump","Elson West Lagoon Deep Station 2",71.31048,-156.28778,"lagoon","secondary"
"West","Elson West","EWLS1","open water",2018-07-28,"surface",111,10,3.24,-99999,0.5,10,99,5.67,7.85,25.19,39842,7.8,NA,NA,NA,"pump","Elson West Lagoon Shallow Station 1",71.32894,-156.56479,"lagoon","primary"
"West","Elson West","EWLS1","break up",2019-06-21,"surface",NA,NA,1.3,2330,0.3,12.85,95.2,4.11,7.54,2.15,4086,2.3,NA,NA,NA,NA,"Elson West Lagoon Shallow Station 1",71.32894,-156.56479,"lagoon","primary"
"West","Elson West","EWLS1","break up",2019-06-25,"surface",119,7,NA,NA,NA,NA,NA,NA,NA,NA,NA,NA,NA,-6.6,NA,"pump","Elson West Lagoon Shallow Station 1",71.32894,-156.56479,"lagoon","primary"
"West","Elson West","EWLS1","open water",2019-08-05,"surface",186,10,NA,NA,NA,NA,NA,NA,NA,NA,NA,NA,NA,-5.7,NA,"grab","Elson West Lagoon Shallow Station 1",71.32894,-156.56479,"lagoon","primary"
"West","Elson West","EWLS1","open water",2019-08-06,"surface",NA,NA,2.64,25980,0.23,10.25,102.3,4.29,7.98,24.98,37790,8.8,NA,NA,NA,NA,"Elson West Lagoon Shallow Station 1",71.32894,-156.56479,"lagoon","primary"
"West","Elson West","EWLS1","open water",2021-08-02,"surface",237,15,NA,NA,NA,NA,NA,NA,NA,NA,NA,NA,NA,NA,NA,"pump","Elson West Lagoon Shallow Station 1",71.32894,-156.56479,"lagoon","primary"
"West","Elson West","EWLS1","break up",2022-07-04,"surface",170,9,NA,NA,NA,NA,NA,NA,NA,NA,NA,NA,NA,-6.3,NA,"pump","Elson West Lagoon Shallow Station 1",71.32894,-156.56479,"lagoon","primary"
"West","Elson West","EWLS1","break up",2022-07-04,"surface",188,9,NA,NA,NA,NA,NA,NA,NA,NA,NA,NA,NA,-6.3,NA,"pump","Elson West Lagoon Shallow Station 1",71.32894,-156.56479,"lagoon","primary"
"West","Elson West","EWLS1","open water",2022-08-05,"surface",185,10,NA,NA,NA,NA,NA,NA,NA,NA,NA,NA,NA,-5.3,NA,"pump","Elson West Lagoon Shallow Station 1",71.32894,-156.56479,"lagoon","primary"
"West","Elson West","EWLS1_Aux_2021","break up",2021-07-04,"surface",199,11,NA,NA,NA,NA,NA,NA,NA,NA,NA,NA,NA,-5.3,NA,"pump","Elson West Lagoon Shallow auxiliary sampling station 2021",71.3315,-156.56548,"lagoon","not applicable"
"West","Elson West","EWLS2","break up",2019-06-22,"surface",NA,NA,3.19,2387,-99999,12.9,95.2,6.23,7.4,2.2,4206,2.2,NA,NA,NA,NA,"Elson West Lagoon Shallow Station 2",71.28187,-156.42513,"lagoon","secondary"
"West","Elson West","EWLS2","open water",2019-08-05,"surface",119,10,2.3,27666,0.25,9.76,99.2,3.6,7.85,25.32,39999,9,NA,-4.5,NA,"grab","Elson West Lagoon Shallow Station 2",71.28187,-156.42513,"lagoon","secondary"
"West","Elson West","EWLS2","open water",2021-08-02,"surface",244,12,NA,NA,NA,NA,NA,NA,NA,NA,NA,NA,NA,-5.2,NA,"pump","Elson West Lagoon Shallow Station 2",71.28187,-156.42513,"lagoon","secondary"
"West","Elson West","EWLS2","open water",2022-08-05,"surface",204,9,NA,NA,NA,NA,NA,NA,NA,NA,NA,NA,NA,-6,NA,"pump","Elson West Lagoon Shallow Station 2",71.28187,-156.42513,"lagoon","secondary"
"West","Elson West","EWLS2_Aux_2019_B","break up",2019-06-22,"surface",450,16,NA,NA,NA,NA,NA,NA,NA,NA,NA,NA,NA,-8.5,NA,"pump","Elson West Lagoon Shallow auxiliary sampling station B 2019",71.2819192647806,-156.355639013771,"lagoon","not applicable"
"West","Elson West","MYR1","break up",2019-06-20,"surface",NA,NA,4.07,110.3,NA,10.41,100.4,5.27,7.57,0.07,140.4,13.8,NA,-13.9,NA,NA,"Mayoeak River Station 1",71.2480905,-156.4661025,"river","river"
"West","Elson West","MYR1","open water",2019-08-02,"surface",NA,NA,NA,NA,NA,11.25,97,NA,6.98,NA,140.4,8.8,NA,-13.8,NA,NA,"Mayoeak River Station 1",71.2480905,-156.4661025,"river","river"
"West","Elson West","MYR1","break up",2021-07-06,"surface",989,47,NA,NA,NA,NA,NA,NA,NA,NA,NA,NA,NA,-9.7,NA,"pump","Mayoeak River Station 1",71.2480905,-156.4661025,"river","river"
"West","Elson West","MYR1","open water",2021-08-05,"surface",1129,52,NA,NA,NA,NA,NA,NA,NA,NA,NA,NA,NA,-10.9,NA,"pump","Mayoeak River Station 1",71.2480905,-156.4661025,"river","river"
"West","Elson West","MYR1","break up",2022-07-02,"surface",1620,74,NA,NA,NA,NA,NA,NA,NA,NA,NA,NA,NA,-11.6,NA,"pump","Mayoeak River Station 1",71.2480905,-156.4661025,"river","river"
"West","Elson West","MYR1","open water",2022-08-06,"surface",997,47,NA,NA,NA,NA,NA,NA,NA,NA,NA,NA,NA,-12,NA,"pump","Mayoeak River Station 1",71.2480905,-156.4661025,"river","river"
