node,lagoon,station,season,date_time,water_column_position,chlorophyll_a_ug_L,conductivity_uS_cm,depth_m,DO_concentration_mg_L,DO_saturation_percent,phycoerythrin_ug_L,pH,salinity,specific_conductivity_uS_cm,temperature_C,notes,station_name,latitude,longitude,habitat_type,station_sampling_priority
Central,Simpson,KUR1,break up,2019-06-30T01:00:00Z,surface,1.32,97.8,NA,12.12,101.7,3.58,8.28,0.07,146.3,7.7,NA,Kuparuk River Station 1,70.3261,-148.9502,river,river
Central,Simpson,KUR1,open water,2019-08-06T00:12:00Z,surface,0.51,138.7,NA,11.33,105.1,2.45,8.76,0.09,184.8,11.9,NA,Kuparuk River Station 1,70.3261,-148.9502,river,river
Central,Simpson,SILD1,open water,2018-07-26T23:01:00Z,bottom,10.54,9281,2.5,10.56,98,17.52,7.84,7.55,12999,9.9,NA,Simpson Lagoon Deep Station 1,70.53706667,-149.77535,lagoon,primary
Central,Simpson,SILD1,open water,2018-07-26T23:01:00Z,surface,2.88,3546,0.5,10.83,101.2,6.9,8.11,2.57,4767,11.6,NA,Simpson Lagoon Deep Station 1,70.53706667,-149.77535,lagoon,primary
Central,Simpson,SILD1,open water,2018-07-29T05:39:00Z,bottom,2.58,25266,2.3,11.23,95.6,8.27,7.69,29.57,47546,0.6,NA,Simpson Lagoon Deep Station 1,70.53706667,-149.77535,lagoon,primary
Central,Simpson,SILD1,open water,2018-07-29T05:39:00Z,surface,2.7,17599,0,11.51,103.1,7.25,7.83,16.91,27733,5.9,NA,Simpson Lagoon Deep Station 1,70.53706667,-149.77535,lagoon,primary
Central,Simpson,SILD1,under ice,2019-04-21T20:21:00Z,bottom,0.3,30464,1.94,9.21,78.4,4.56,7.27,39.89,63599,-2.3,NA,Simpson Lagoon Deep Station 1,70.53706667,-149.77535,lagoon,primary
Central,Simpson,SILD1,under ice,2019-04-21T20:21:00Z,surface,0.3,29718,1.5,9.57,80.8,4.17,7.29,38.69,61877,-2.2,NA,Simpson Lagoon Deep Station 1,70.53706667,-149.77535,lagoon,primary
Central,Simpson,SILD1,break up,2019-07-01T04:42:00Z,surface,2.8,7237,0.5,13.11,103.5,8.96,7.79,6.92,12261,3.5,NA,Simpson Lagoon Deep Station 1,70.53706667,-149.77535,lagoon,primary
Central,Simpson,SILD1,break up,2019-07-01T05:27:00Z,bottom,0.6,23100,2.35,12.08,99.3,4.49,7.72,27.55,45361,-0.4,NA,Simpson Lagoon Deep Station 1,70.53706667,-149.77535,lagoon,primary
Central,Simpson,SILD1,open water,2019-08-05T20:05:00Z,bottom,2.3,25741,2,10.25,99,6.6,7.93,24.82,39417,6.8,NA,Simpson Lagoon Deep Station 1,70.53706667,-149.77535,lagoon,primary
Central,Simpson,SILD1,open water,2019-08-05T20:05:00Z,surface,0.72,23951,0.25,10.46,104.4,3.2,7.94,21.41,34278,9.2,NA,Simpson Lagoon Deep Station 1,70.53706667,-149.77535,lagoon,primary
Central,Simpson,SILD2,open water,2018-07-29T04:17:00Z,bottom,5.76,5295,1.7,11.3,100.1,10.96,7.91,4.23,7670,8.8,NA,Simpson Lagoon Deep Station 2,70.53988333,-149.4765833,lagoon,secondary
Central,Simpson,SILD2,open water,2018-07-29T04:17:00Z,surface,6.07,5065,0,11.29,100,11.94,7.93,4.01,7316,8.9,NA,Simpson Lagoon Deep Station 2,70.53988333,-149.4765833,lagoon,secondary
Central,Simpson,SILD2,open water,2019-08-05T18:40:00Z,bottom,1.25,26925,1.59,10.48,101.6,4.2,7.93,26.26,41519,6.6,NA,Simpson Lagoon Deep Station 2,70.53988333,-149.4765833,lagoon,secondary
Central,Simpson,SILD2,open water,2019-08-05T18:40:00Z,surface,0.92,26431,0.25,10.44,102.3,4.31,7.92,25.17,39870,7.4,NA,Simpson Lagoon Deep Station 2,70.53988333,-149.4765833,lagoon,secondary
Central,Simpson,SILS1,break up,2019-06-29T20:20:00Z,surface,1.67,2252,0.3,13.99,102.3,7.76,7.97,2.09,4037,1.9,NA,Simpson Lagoon Shallow Station 1,70.50396,-149.70968,lagoon,primary
Central,Simpson,SILS1,open water,2019-08-05T21:13:00Z,surface,1.58,21244,0.34,10.82,103.2,4.69,7.93,18.55,29850,9,NA,Simpson Lagoon Shallow Station 1,70.50396,-149.70968,lagoon,primary
Central,Simpson,SILS2,open water,2019-08-05T18:00:00Z,surface,2.23,25223,0.33,10.11,101.4,4.76,7.93,22.79,36284,9,NA,Simpson Lagoon Shallow Station 2,70.4952,-149.42349,lagoon,secondary
Central,Stefansson,SAR1,break up,2019-06-27T23:00:00Z,surface,0.17,261,NA,11.62,105,2.81,8.33,0.17,358,10.8,NA,Sagavanirktok River Station 1,70.2493,-148.3069,river,river
Central,Stefansson,SAR1,open water,2019-08-04T04:18:00Z,surface,-0.1,324.9,NA,10.84,101.1,2.59,8.55,0.21,430.4,12.2,NA,Sagavanirktok River Station 1,70.2493,-148.3069,river,river
Central,Stefansson,STLD1,open water,2018-07-30T03:43:00Z,bottom,3.85,22999,4.5,10.76,90,10.82,7.66,27.37,43557,0.6,NA,Stefansson Sound Deep Station 1,70.37226667,-148.0239333,lagoon,primary
Central,Stefansson,STLD1,open water,2018-07-30T03:43:00Z,surface,0.48,5414,0,11.8,106.5,2.75,8.17,4.19,9200,8,NA,Stefansson Sound Deep Station 1,70.37226667,-148.0239333,lagoon,primary
Central,Stefansson,STLD1,open water,2018-08-01T04:30:00Z,bottom,7.33,23729,4.8,10.82,91.4,19.3,7.69,27.9,44979,0.3,NA,Stefansson Sound Deep Station 1,70.37226667,-148.0239333,lagoon,primary
Central,Stefansson,STLD1,open water,2018-08-01T04:30:00Z,surface,1.31,9944,0,11.4,106.6,5,8.13,8.06,13859,10.1,NA,Stefansson Sound Deep Station 1,70.37226667,-148.0239333,lagoon,primary
Central,Stefansson,STLD1,under ice,2019-04-20T19:29:00Z,bottom,0.34,25992,3.91,11.42,94.2,3.75,7.56,32.58,52685,-1.5,NA,Stefansson Sound Deep Station 1,70.37226667,-148.0239333,lagoon,primary
Central,Stefansson,STLD1,under ice,2019-04-20T19:29:00Z,surface,0.77,1906,1.8,14.23,97.9,4.79,7.94,1.89,3684,-0.2,NA,Stefansson Sound Deep Station 1,70.37226667,-148.0239333,lagoon,primary
Central,Stefansson,STLD1,break up,2019-06-27T19:44:00Z,surface,0.8,26185,0.3,10.45,87.6,6.82,7.37,32.24,51973,-0.9,NA,Stefansson Sound Deep Station 1,70.37226667,-148.0239333,lagoon,primary
Central,Stefansson,STLD1,break up,2019-06-27T20:32:00Z,bottom,0.58,1456,4.3,13.44,99.5,6.2,8,1.3,2552,2.6,NA,Stefansson Sound Deep Station 1,70.37226667,-148.0239333,lagoon,primary
Central,Stefansson,STLD1,open water,2019-08-03T07:25:00Z,bottom,2.06,27366,0.28,11.42,105,7.91,7.97,29.28,46338,3.6,NA,Stefansson Sound Deep Station 1,70.37226667,-148.0239333,lagoon,primary
Central,Stefansson,STLD1,open water,2019-08-03T07:25:00Z,surface,1.12,27988,3.8,10.87,103.5,4.88,7.94,28.59,45063,5.2,NA,Stefansson Sound Deep Station 1,70.37226667,-148.0239333,lagoon,primary
Central,Stefansson,STLD2,open water,2018-07-30T03:16:00Z,bottom,3,18930,2.8,11.31,96.6,8.95,7.79,19.95,32330,3.2,NA,Stefansson Sound Deep Station 2,70.32078333,-147.75615,lagoon,secondary
Central,Stefansson,STLD2,open water,2018-07-30T03:16:00Z,surface,1.3,9280,0,11.46,101.4,4.2,8.08,7.94,13766,8,NA,Stefansson Sound Deep Station 2,70.32078333,-147.75615,lagoon,secondary
Central,Stefansson,STLD2,open water,2018-07-31T23:50:00Z,bottom,11.59,22480,3.8,11.21,98.4,30.68,7.66,25.1,40738,1.4,NA,Stefansson Sound Deep Station 2,70.32078333,-147.75615,lagoon,secondary
Central,Stefansson,STLD2,open water,2018-07-31T23:50:00Z,surface,2.05,8688,0,10.91,105.9,6.21,8.04,6.59,11458,12.2,NA,Stefansson Sound Deep Station 2,70.32078333,-147.75615,lagoon,secondary
Central,Stefansson,STLD2,under ice,2019-04-19T21:20:00Z,bottom,0.5,25610,4.07,11.83,96.5,4.35,7.62,32.42,52600,-1.9,NA,Stefansson Sound Deep Station 2,70.32078333,-147.75615,lagoon,secondary
Central,Stefansson,STLD2,under ice,2019-04-19T21:20:00Z,surface,0.47,25600,1.76,11.89,97,4.5,7.63,32.46,52666,-1.9,NA,Stefansson Sound Deep Station 2,70.32078333,-147.75615,lagoon,secondary
Central,Stefansson,STLD2,open water,2019-08-03T05:25:00Z,bottom,1.8,28643,4.1,10.81,102.3,6.76,7.87,30.01,47184,4.6,NA,Stefansson Sound Deep Station 2,70.32078333,-147.75615,lagoon,secondary
Central,Stefansson,STLD2,open water,2019-08-03T05:25:00Z,surface,0.95,26752,0.6,10.55,102.5,5.35,7.9,25.91,41013,6.1,NA,Stefansson Sound Deep Station 2,70.32078333,-147.75615,lagoon,secondary
Central,Stefansson,STLS1,break up,2019-06-27T22:15:00Z,surface,0.53,265.6,0.3,11.53,102.7,4.33,8.32,0.18,370,10.2,NA,Stefansson Sound Shallow Station 1,70.33994,-147.97884,lagoon,primary
Central,Stefansson,STLS1,open water,2019-08-03T08:20:00Z,surface,4.41,27968,0.79,10.07,98.4,14.22,7.71,28.02,42851,6.8,NA,Stefansson Sound Shallow Station 1,70.33994,-147.97884,lagoon,primary
Central,Stefansson,STLS2,break up,2019-06-28T20:53:00Z,surface,0.22,689,0.3,12.68,91.4,4.86,8.14,0.61,1246,1.7,NA,Stefansson Sound Shallow Station 2,70.29324,-147.80153,lagoon,secondary
Central,Stefansson,STLS2,open water,2019-08-03T04:05:00Z,surface,7.74,26365,0.79,10.29,103.1,19.89,7.8,24.14,38445,8.6,NA,Stefansson Sound Shallow Station 2,70.29324,-147.80153,lagoon,secondary
East,Jago,JALD1,open water,2018-08-02T18:58:00Z,surface,2.48,6414,0.016,11.37,99.5,6.03,7.92,5.32,9482,8.1,NA,Jago Lagoon Deep Station 1,70.1040667,-143.48925,lagoon,secondary
East,Jago,JALD1,open water,2018-08-02T19:02:00Z,bottom,4.75,11310,2.818,11.96,97.9,11.88,7.86,11.1,18984,3.8,NA,Jago Lagoon Deep Station 1,70.1040667,-143.48925,lagoon,secondary
East,Jago,JALD1,open water,2019-08-09T18:00:00Z,bottom,3.16,26649,2.9,9.99,98.3,8.13,7.43,25.32,40076,7.5,NA,Jago Lagoon Deep Station 1,70.1040667,-143.48925,lagoon,secondary
East,Jago,JALD1,open water,2019-08-09T18:00:00Z,surface,3.1,25376,0.1,10.26,99.1,7.82,7.46,24.28,38610,7.1,NA,Jago Lagoon Deep Station 1,70.1040667,-143.48925,lagoon,secondary
East,Jago,JALD2,open water,2018-08-01T21:05:00Z,bottom,7.19,24802,2.964,8.93,82.4,17.87,7.32,25.28,40339,4.8,NA,Jago Lagoon Deep Station 2,70.1068333,-143.4434667,lagoon,primary
East,Jago,JALD2,open water,2018-08-01T21:05:00Z,surface,3.99,5303,0.022,11.24,100.1,8.06,7.85,4.22,7615,9.1,NA,Jago Lagoon Deep Station 2,70.1068333,-143.4434667,lagoon,primary
East,Jago,JALD2,under ice,2019-04-27T21:19:00Z,bottom,0.32,30329,2.42,4.86,41.8,4.18,7.16,38.81,61800,-1.7,NA,Jago Lagoon Deep Station 2,70.1068333,-143.4434667,lagoon,primary
East,Jago,JALD2,under ice,2019-04-27T21:19:00Z,surface,0.19,26862,1.53,11.4,94.5,4.11,7.62,33.99,54809,-1.7,NA,Jago Lagoon Deep Station 2,70.1068333,-143.4434667,lagoon,primary
East,Jago,JALD2,break up,2019-06-21T18:30:00Z,bottom,2.25,28559,3.2,8.44,74.5,6.57,7.06,33.35,52870,0.9,NA,Jago Lagoon Deep Station 2,70.1068333,-143.4434667,lagoon,primary
East,Jago,JALD2,break up,2019-06-21T18:30:00Z,surface,1.45,5895,0.3,12.99,108.1,5.42,7.51,5.16,9241,6,NA,Jago Lagoon Deep Station 2,70.1068333,-143.4434667,lagoon,primary
East,Jago,JALD2,open water,2019-08-09T19:10:00Z,bottom,2.79,29723,2.44,9.96,97.3,6.21,7.57,29.87,46755,5.9,NA,Jago Lagoon Deep Station 2,70.1068333,-143.4434667,lagoon,primary
East,Jago,JALD2,open water,2019-08-09T19:10:00Z,surface,1.39,26231,0.26,10.12,99.6,3.35,7.43,24.76,39250,7.6,NA,Jago Lagoon Deep Station 2,70.1068333,-143.4434667,lagoon,primary
East,Jago,JALD2,open water,2019-08-12T14:45:00Z,bottom,3.4,28059,3.35,10.08,96.5,9.8,7.28,28.42,44773,5.5,NA,Jago Lagoon Deep Station 2,70.1068333,-143.4434667,lagoon,primary
East,Jago,JALD2,open water,2019-08-12T14:45:00Z,surface,3.05,25473,0.3,10.16,97.2,7.07,6.93,24.84,39489,6.4,NA,Jago Lagoon Deep Station 2,70.1068333,-143.4434667,lagoon,primary
East,Jago,JALS1,open water,2018-08-02T20:14:00Z,surface,2.03,7320,0,11.86,101.5,6.02,8.09,6.34,11192,6.9,NA,Jago Lagoon Shallow Station 1,70.08801,-143.45609,lagoon,secondary
East,Jago,JALS1,open water,2019-08-09T21:50:00Z,surface,1.01,26773,0.19,10.14,101.2,3.61,7.45,24.89,39366,8.2,NA,Jago Lagoon Shallow Station 1,70.08801,-143.45609,lagoon,secondary
East,Jago,JALS2,open water,2018-08-01T23:00:00Z,surface,3.67,3103,0.029,11.01,98,8.46,8.18,2.35,4402,9.5,NA,Jago Lagoon Shallow Station 2,70.0919,-143.37767,lagoon,primary
East,Jago,JALS2,break up,2019-06-23T19:15:00Z,surface,1.2,4921,0.3,10.55,104,3.96,8.21,3.44,6269,13.7,NA,Jago Lagoon Shallow Station 2,70.0919,-143.37767,lagoon,primary
East,Jago,JALS2,open water,2019-08-09T20:45:00Z,surface,1.9,27612,0.33,10.05,99.5,4.26,7.41,26.33,41494,7.5,NA,Jago Lagoon Shallow Station 2,70.0919,-143.37767,lagoon,primary
East,Jago,JAR1,open water,2018-07-31T23:30:00Z,surface,2.14,177.1,0,10.5,100.5,5.72,7.9,0.11,227.9,13.3,NA,Jago River Station 1,70.09164,-143.31685,river,river
East,Jago,JAR1,break up,2019-06-22T23:45:00Z,surface,0.84,187.2,NA,10.15,105.9,3.22,8.94,0.1,219.3,17.4,NA,Jago River Station 1,70.09164,-143.31685,river,river
East,Kaktovik,KALD1,open water,2018-08-03T18:09:00Z,surface,1.45,6383,0.013,11.22,98.4,3.84,7.92,5.28,9408,8.2,NA,Kaktovik Lagoon Deep Station 1,70.089,-143.6233167,lagoon,secondary
East,Kaktovik,KALD1,open water,2018-08-03T18:16:00Z,bottom,4.83,30008,2.788,17.86,177.4,10.56,8.15,29.33,45859,7,NA,Kaktovik Lagoon Deep Station 1,70.089,-143.6233167,lagoon,secondary
East,Kaktovik,KALD1,under ice,2019-04-28T19:47:00Z,bottom,0.27,30540,2.38,8.18,70.2,3.75,7.33,39.33,62650,-1.8,NA,Kaktovik Lagoon Deep Station 1,70.089,-143.6233167,lagoon,secondary
East,Kaktovik,KALD1,under ice,2019-04-28T19:47:00Z,surface,0.25,29248,1.47,12.39,104.4,4.47,7.59,37.86,60667,-2.1,NA,Kaktovik Lagoon Deep Station 1,70.089,-143.6233167,lagoon,secondary
East,Kaktovik,KALD1,open water,2019-08-08T20:00:00Z,bottom,1.53,28391,3.3,9.83,100.7,3.18,7.71,25.93,40791,9.1,No time recorded. Noon time 12:00 appended to maintain date time format.,Kaktovik Lagoon Deep Station 1,70.089,-143.6233167,lagoon,secondary
East,Kaktovik,KALD1,open water,2019-08-08T20:00:00Z,surface,1.15,28398,0.1,9.87,101.1,3.37,7.68,25.94,40806,9.1,No time recorded. Noon time 12:00 appended to maintain date time format.,Kaktovik Lagoon Deep Station 1,70.089,-143.6233167,lagoon,secondary
East,Kaktovik,KALD2,open water,2018-08-04T18:39:00Z,surface,1.92,6942,0.016,11.54,99.1,4.68,7.94,5.99,10604,6.9,NA,Kaktovik Lagoon Deep Station 2,70.1009333,-143.5709,lagoon,primary
East,Kaktovik,KALD2,open water,2018-08-04T18:43:00Z,bottom,5,35555,2.657,12.45,127.4,9.85,7.78,36.28,55694,6.1,NA,Kaktovik Lagoon Deep Station 2,70.1009333,-143.5709,lagoon,primary
East,Kaktovik,KALD2,under ice,2019-04-26T06:07:00Z,bottom,0.6,31012,2.9,4.95,42.7,5.7,7.12,39.7,63061,-1.6,NA,Kaktovik Lagoon Deep Station 2,70.1009333,-143.5709,lagoon,primary
East,Kaktovik,KALD2,under ice,2019-04-26T06:07:00Z,surface,0,29606,1.6,11.07,94.1,3.68,7.39,38.15,60999,-1.9,NA,Kaktovik Lagoon Deep Station 2,70.1009333,-143.5709,lagoon,primary
East,Kaktovik,KALD2,break up,2019-06-21T22:40:00Z,bottom,3.6,31977,3.3,17.47,155.6,8.95,7.67,39.03,61359,-0.1,NA,Kaktovik Lagoon Deep Station 2,70.1009333,-143.5709,lagoon,primary
East,Kaktovik,KALD2,break up,2019-06-21T22:40:00Z,surface,1.15,4615,0.3,13.34,101.7,4.72,7.68,4.38,8008,2.8,NA,Kaktovik Lagoon Deep Station 2,70.1009333,-143.5709,lagoon,primary
East,Kaktovik,KALD2,open water,2019-08-08T20:00:00Z,bottom,1.61,28427,3.1,9.67,99.1,3.59,7.89,25.98,40882,9.1,No time recorded. Noon time 12:00 appended to maintain date time format.,Kaktovik Lagoon Deep Station 2,70.1009333,-143.5709,lagoon,primary
East,Kaktovik,KALD2,open water,2019-08-08T20:00:00Z,surface,1.2,28422,0.1,9.66,99,3.45,7.82,25.96,40845,9.1,No time recorded. Noon time 12:00 appended to maintain date time format.,Kaktovik Lagoon Deep Station 2,70.1009333,-143.5709,lagoon,primary
East,Kaktovik,KALS1,open water,2018-08-03T19:46:00Z,surface,2.62,4360,0.002,11.91,100.1,5.3,8.1,3.9,7102,6.8,NA,Kaktovik Lagoon Shallow Station 1,70.08161,-143.55383,lagoon,secondary
East,Kaktovik,KALS1,open water,2019-08-10T21:05:00Z,surface,2.26,26249,0.1,9.93,98,4.92,7.18,24.63,39041,7.8,NA,Kaktovik Lagoon Shallow Station 1,70.08161,-143.55383,lagoon,secondary
East,Kaktovik,KALS2,open water,2018-08-03T20:39:00Z,surface,2.17,7287,0.019,11.66,100,4.41,8.01,6.3,111,7,NA,Kaktovik Lagoon Shallow Station 2,70.11949,-143.5372,lagoon,primary
East,Kaktovik,KALS2,break up,2019-06-23T20:45:00Z,surface,1.32,9196,0.3,12.93,111.1,4.16,8.1,8.17,14172,6.6,NA,Kaktovik Lagoon Shallow Station 2,70.11949,-143.5372,lagoon,primary
East,Kaktovik,KALS2,open water,2019-08-10T20:15:00Z,surface,2.89,26094,0.26,9.99,97.7,4.9,7.22,24.74,39195,7.5,NA,Kaktovik Lagoon Shallow Station 2,70.11949,-143.5372,lagoon,primary
East,not applicable,Beaufort2018,open water,2018-08-05T03:06:00Z,surface,3.11,24701,3.277,12.47,100.9,4.35,7.85,30.77,49990,-1.5,NA,"Beaufort Sea, sampling site 2018",70.13337,-143.70329,ocean,ocean
East,not applicable,Beaufort2019,open water,2019-08-05T22:34:00Z,surface,24.86,26489,2.58,10.49,99.2,68.57,7.87,26.64,42235,5.4,NA,"Beaufort Sea, sampling site 2019",70.44325,-148.739283,ocean,ocean
East,not applicable,Beaufort2019,open water,2019-08-05T22:34:00Z,surface,1.82,26366,0.27,10.12,100.7,5.57,7.88,24.51,38837,8.2,NA,"Beaufort Sea, sampling site 2019",70.44325,-148.739283,ocean,ocean
West,Elson East,AVR1,open water,2019-08-05T18:32:00Z,surface,4.08,157,NA,10.78,92,5.62,8.01,0.11,234,8.4,NA,Avak Creek Station 1,71.14711,-156.19139,river,river
West,Elson East,EELD1,under ice,2019-04-16T20:25:00Z,bottom,0.63,27750,2.9,10.41,86.8,2.14,7.38,35.34,56927,-1.8,NA,Elson East Lagoon Deep Station 1,71.29286,-156.19644,lagoon,primary
West,Elson East,EELD1,under ice,2019-04-16T20:25:00Z,surface,0.44,27273,1.5,10.64,88.2,2.09,7.46,34.87,56225,-2,NA,Elson East Lagoon Deep Station 1,71.29286,-156.19644,lagoon,primary
West,Elson East,EELD1,open water,2019-08-01T03:32:00Z,bottom,1.5,26903,1.9,10.33,104.7,1.6,7.95,24.55,38600,9.1,NA,Elson East Lagoon Deep Station 1,71.29286,-156.19644,lagoon,primary
West,Elson East,EELD1,open water,2019-08-01T03:32:00Z,surface,1,26767,0.09,9.91,105.4,1.43,7.92,23.55,37317,10.5,NA,Elson East Lagoon Deep Station 1,71.29286,-156.19644,lagoon,primary
West,Elson East,EELD2,open water,2019-08-01T02:08:00Z,bottom,4.18,27339,1.8,9.98,99,5.85,7.84,25.89,40847,7.7,NA,Elson East Lagoon Deep Station 2,71.25211,-156.04619,lagoon,secondary
West,Elson East,EELD2,open water,2019-08-01T02:08:00Z,surface,3.19,27260,0.07,10.02,103.9,3.9,7.76,23.94,37940,10.3,NA,Elson East Lagoon Deep Station 2,71.25211,-156.04619,lagoon,secondary
West,Elson East,EELD2,open water,2019-08-13T04:15:00Z,bottom,2.76,29584,2.2,9.51,97.3,4.39,7.96,27.53,43223,8.5,NA,Elson East Lagoon Deep Station 2,71.25211,-156.04619,lagoon,secondary
West,Elson East,EELD2,open water,2019-08-13T04:15:00Z,surface,3.82,21714,0.3,10.48,101.4,5.76,7.97,19.72,31837,8.4,NA,Elson East Lagoon Deep Station 2,71.25211,-156.04619,lagoon,secondary
West,Elson East,EELS1,break up,2019-06-22T08:00:00Z,surface,1.9,2752,0.1,12.99,95.8,4.15,7.42,2.59,4893,2.1,NA,Elson East Lagoon Shallow Station 1,71.2629,-156.27286,lagoon,primary
West,Elson East,EELS1,open water,2019-08-01T03:07:00Z,surface,3,27168,0.08,9.99,103.9,3.9,7.92,23.5,37175,10.9,NA,Elson East Lagoon Shallow Station 1,71.2629,-156.27286,lagoon,primary
West,Elson East,EELS2,open water,2019-08-01T01:34:00Z,surface,2.74,26490,0.04,9.96,103.6,3.26,7.8,22.88,36344,10.8,NA,Elson East Lagoon Shallow Station 2,71.24097,-156.09151,lagoon,secondary
West,Elson East,NNR1,break up,2019-06-20T08:00:00Z,surface,2.7,89,NA,9.03,90.5,2.6,7.47,0.05,109.1,15.7,NA,No Name River Station 1,71.2392833,-156.33505,river,river
West,Elson East,NNR1,open water,2019-08-02T19:15:00Z,surface,NA,NA,NA,10.38,55.5,NA,6.95,NA,113.5,8.4,NA,No Name River Station 1,71.2392833,-156.33505,river,river
West,Elson West,EWLD1,open water,2018-07-28T19:40:00Z,bottom,2.3,-99999,2.6,10.32,99.9,4.6,7.94,27.49,43337,6.2,NA,Elson West Lagoon Deep Station 1,71.3379,-156.4165,lagoon,primary
West,Elson West,EWLD1,open water,2018-07-28T19:40:00Z,surface,1.21,-99999,0.16,10.42,101.1,3.71,7.78,27,42601,6.4,NA,Elson West Lagoon Deep Station 1,71.3379,-156.4165,lagoon,primary
West,Elson West,EWLD1,open water,2018-07-29T19:38:00Z,bottom,2.12,-99999,3.3,10.76,105.6,5.17,7.91,27.31,43003,6.8,NA,Elson West Lagoon Deep Station 1,71.3379,-156.4165,lagoon,primary
West,Elson West,EWLD1,open water,2018-07-29T19:38:00Z,surface,0.73,-99999,0.05,10.25,100.9,1.84,7.91,26.91,42396,7.1,NA,Elson West Lagoon Deep Station 1,71.3379,-156.4165,lagoon,primary
West,Elson West,EWLD1,under ice,2019-04-14T02:30:00Z,bottom,0.39,27164,2.06,9.79,80.6,1.6,7.62,34.6,55933,-2,NA,Elson West Lagoon Deep Station 1,71.3379,-156.4165,lagoon,primary
West,Elson West,EWLD1,under ice,2019-04-14T02:30:00Z,surface,0.3,27126,1.05,10.46,86.5,1.5,7.69,34.68,55975,-2,NA,Elson West Lagoon Deep Station 1,71.3379,-156.4165,lagoon,primary
West,Elson West,EWLD1,break up,2019-06-24T02:10:00Z,bottom,19.7,9590,2.39,10.91,80,51.47,7.2,10.54,18426,-0.3,NA,Elson West Lagoon Deep Station 1,71.3379,-156.4165,lagoon,primary
West,Elson West,EWLD1,break up,2019-06-24T02:10:00Z,surface,0.73,3302,0.76,13.15,93.4,1.8,8.6,3.28,6184,0.6,NA,Elson West Lagoon Deep Station 1,71.3379,-156.4165,lagoon,primary
West,Elson West,EWLD1,break up,2019-06-24T23:06:00Z,bottom,3,4887,2.5,11.71,83.6,14.49,7.73,6.67,9488,-0.2,NA,Elson West Lagoon Deep Station 1,71.3379,-156.4165,lagoon,primary
West,Elson West,EWLD1,break up,2019-06-24T23:06:00Z,surface,2.37,3155,0.65,13.18,92.4,5.1,7.56,3.18,5494,0.1,NA,Elson West Lagoon Deep Station 1,71.3379,-156.4165,lagoon,primary
West,Elson West,EWLD1,open water,2019-08-05T23:50:00Z,bottom,2.1,33385,0.21,10.35,111.1,4.1,8.04,30.31,46911,9.9,NA,Elson West Lagoon Deep Station 1,71.3379,-156.4165,lagoon,primary
West,Elson West,EWLD1,open water,2019-08-05T23:50:00Z,surface,2.27,33171,2.46,9.47,101.5,3.05,7.98,30.1,46604,9.9,NA,Elson West Lagoon Deep Station 1,71.3379,-156.4165,lagoon,primary
West,Elson West,EWLD2,open water,2018-07-29T18:36:00Z,bottom,1.92,28894,3.6,11.39,109.2,2.81,7.99,29.39,46280,5.4,NA,Elson West Lagoon Deep Station 2,71.31048,-156.28778,lagoon,secondary
West,Elson West,EWLD2,open water,2018-07-29T18:36:00Z,surface,0.75,-99999,0.05,11.16,103.8,1.78,7.82,18.89,41794,6.9,NA,Elson West Lagoon Deep Station 2,71.31048,-156.28778,lagoon,secondary
West,Elson West,EWLD2,under ice,2019-04-15T21:00:00Z,bottom,0.34,27666,3.3,10.36,86.5,2.3,7.51,35.33,5645,-1.8,NA,Elson West Lagoon Deep Station 2,71.31048,-156.28778,lagoon,secondary
West,Elson West,EWLD2,under ice,2019-04-15T21:00:00Z,surface,0.23,26476,1.4,10.54,86.8,1.4,7.79,33.69,54465,-1.9,NA,Elson West Lagoon Deep Station 2,71.31048,-156.28778,lagoon,secondary
West,Elson West,EWLD2,open water,2019-08-05T22:42:00Z,bottom,2.55,32553,2.75,9.13,97.1,3.5,7.95,29.7,46081,9.6,NA,Elson West Lagoon Deep Station 2,71.31048,-156.28778,lagoon,secondary
West,Elson West,EWLD2,open water,2019-08-05T22:42:00Z,surface,2.28,30344,0.12,9.67,100.6,3.65,7.93,27.78,43400,9.3,NA,Elson West Lagoon Deep Station 2,71.31048,-156.28778,lagoon,secondary
West,Elson West,EWLD2,open water,2019-08-13T05:42:00Z,bottom,2.62,32494,3.3,9.5,100.7,12.42,8.01,29.79,46353,9.4,NA,Elson West Lagoon Deep Station 2,71.31048,-156.28778,lagoon,secondary
West,Elson West,EWLD2,open water,2019-08-13T05:42:00Z,surface,3.04,31573,0.3,9.67,101.1,4.15,8.02,29.13,45314,9.1,NA,Elson West Lagoon Deep Station 2,71.31048,-156.28778,lagoon,secondary
West,Elson West,EWLS1,open water,2018-07-28T21:30:00Z,surface,3.24,-99999,0.5,10,99,5.67,7.85,25.19,39842,7.8,NA,Elson West Lagoon Shallow Station 1,71.32894,-156.56479,lagoon,primary
West,Elson West,EWLS1,break up,2019-06-21T21:10:00Z,surface,1.3,2330,0.3,12.85,95.2,4.11,7.54,2.15,4086,2.3,NA,Elson West Lagoon Shallow Station 1,71.32894,-156.56479,lagoon,primary
West,Elson West,EWLS1,open water,2019-08-06T00:24:00Z,surface,2.64,25980,0.23,10.25,102.3,4.29,7.98,24.98,37790,8.8,NA,Elson West Lagoon Shallow Station 1,71.32894,-156.56479,lagoon,primary
West,Elson West,EWLS2,break up,2019-06-22T08:00:00Z,surface,3.19,2387,-99999,12.9,95.2,6.23,7.4,2.2,4206,2.2,NA,Elson West Lagoon Shallow Station 2,71.28187,-156.42513,lagoon,secondary
West,Elson West,EWLS2,open water,2019-08-05T21:44:00Z,surface,2.3,27666,0.25,9.76,99.2,3.6,7.85,25.32,39999,9,NA,Elson West Lagoon Shallow Station 2,71.28187,-156.42513,lagoon,secondary
West,Elson West,MYR1,break up,2019-06-20T23:56:00Z,surface,4.07,110.3,NA,10.41,100.4,5.27,7.57,0.07,140.4,13.8,NA,Mayoeak River Station 1,71.2480905,-156.4661025,river,river
West,Elson West,MYR1,open water,2019-08-02T20:16:00Z,surface,NA,NA,NA,11.25,97,NA,6.98,NA,140.4,8.8,NA,Mayoeak River Station 1,71.2480905,-156.4661025,river,river
